"season","week","defense_team","def_total_plays","def_avg_yards_per_play","def_avg_epa_per_play","def_success_rate_allowed","def_sacks","def_stuff_rate","def_turnovers_forced","def_turnover_rate","def_explosive_rate_allowed","def_third_down_stops","def_third_down_rate","def_red_zone_tds_allowed","def_red_zone_stops","def_red_zone_td_rate","def_roll3_epa","def_roll3_success_rate","def_roll3_third_down"
2025,1,"ARI",66,4.59090909090909,-0.0666417216534521,0.424242424242424,1,0.303030303030303,0,0,0.0454545454545455,9,0.642857142857143,1,7,0.125,NA,NA,NA
2025,2,"ARI",77,4.58441558441558,0.00313935622863502,0.467532467532468,3,0.376623376623377,2,0.025974025974026,0.0649350649350649,10,0.666666666666667,3,17,0.15,NA,NA,NA
2025,3,"ARI",58,6.01724137931035,-0.0291808726170097,0.53448275862069,1,0.327586206896552,1,0.0172413793103448,0.103448275862069,8,0.8,1,7,0.125,-0.0308944126806089,0.475419216798527,0.703174603174603
2025,4,"ARI",61,6.0983606557377,0.0892680009192146,0.426229508196721,3,0.344262295081967,0,0,0.147540983606557,7,0.538461538461538,2,6,0.25,0.0210754948436133,0.476081578116626,0.668376068376068
2025,5,"ARI",61,5.49180327868852,-0.04018438898961,0.442622950819672,2,0.377049180327869,2,0.0327868852459016,0.0983606557377049,9,0.642857142857143,2,2,0.5,0.00663424643753163,0.467778405879028,0.66043956043956
2025,6,"ARI",56,6.375,0.149323539894745,0.535714285714286,1,0.232142857142857,1,0.0178571428571429,0.142857142857143,4,0.5,4,9,0.307692307692308,0.0661357172747832,0.468188914910226,0.56043956043956
2025,1,"ATL",54,4.7962962962963,0.136877130401259,0.37037037037037,1,0.388888888888889,0,0,0.0925925925925926,7,0.5,1,1,0.5,NA,NA,NA
2025,2,"ATL",46,4.30434782608696,-0.450224687012216,0.41304347826087,6,0.41304347826087,3,0.0652173913043478,0.0652173913043478,7,0.636363636363636,0,4,0,NA,NA,NA
2025,3,"ATL",53,4.20754716981132,0.00789318307521337,0.490566037735849,1,0.245283018867925,0,0,0.0377358490566038,8,0.727272727272727,2,11,0.153846153846154,-0.101818124511915,0.424659962122363,0.621212121212121
2025,4,"ATL",50,5.92,0.166598205240948,0.5,2,0.32,1,0.02,0.08,7,0.875,1,6,0.142857142857143,-0.0919110995653516,0.467869838665573,0.746212121212121
2025,6,"ATL",54,5.38888888888889,-0.118884553370191,0.462962962962963,4,0.37037037037037,2,0.037037037037037,0.0740740740740741,7,0.777777777777778,2,2,0.5,0.0185356116486568,0.484509666899604,0.793350168350168
2025,1,"BAL",77,6.51948051948052,0.234986576382388,0.493506493506494,1,0.324675324675325,0,0,0.116883116883117,7,0.5,5,16,0.238095238095238,NA,NA,NA
2025,2,"BAL",72,4.47222222222222,-0.262947041339877,0.375,2,0.388888888888889,2,0.0277777777777778,0.0555555555555556,11,0.611111111111111,2,1,0.666666666666667,NA,NA,NA
2025,3,"BAL",64,6.1875,0.338273316107837,0.578125,0,0.234375,0,0,0.078125,7,0.5,4,13,0.235294117647059,0.103437617050116,0.482210497835498,0.537037037037037
2025,4,"BAL",66,5.75757575757576,0.264348588040379,0.454545454545455,1,0.242424242424242,0,0,0.0606060606060606,9,0.642857142857143,4,15,0.210526315789474,0.113224954269446,0.469223484848485,0.584656084656085
2025,5,"BAL",60,5.9,0.325243124661281,0.583333333333333,2,0.183333333333333,0,0,0.0833333333333333,5,0.454545454545455,4,8,0.333333333333333,0.309288342936499,0.538667929292929,0.532467532467532
2025,6,"BAL",49,4.95918367346939,-0.0331867793169627,0.469387755102041,2,0.326530612244898,1,0.0204081632653061,0.122448979591837,6,0.6,2,9,0.181818181818182,0.185468311128232,0.50242218099361,0.565800865800866
2025,1,"BUF",50,8.64,0.385698698548134,0.5,2,0.26,1,0.02,0.3,5,0.454545454545455,1,3,0.25,NA,NA,NA
2025,2,"BUF",46,3.04347826086957,-0.351179098270115,0.326086956521739,4,0.434782608695652,1,0.0217391304347826,0.0869565217391304,11,1,1,3,0.25,NA,NA,NA
2025,3,"BUF",59,4.67796610169492,0.0535421152017079,0.406779661016949,0,0.288135593220339,1,0.0169491525423729,0.0677966101694915,5,0.333333333333333,3,7,0.3,0.0293539051599089,0.410955539179563,0.595959595959596
2025,4,"BUF",63,4.49206349206349,-0.0293944741521661,0.428571428571429,3,0.26984126984127,0,0,0.111111111111111,6,0.545454545454545,2,12,0.142857142857143,-0.109010485740191,0.387146015370039,0.626262626262626
2025,5,"BUF",55,6.09090909090909,0.0367698728864048,0.454545454545455,4,0.345454545454545,1,0.0181818181818182,0.0909090909090909,6,0.666666666666667,2,9,0.181818181818182,0.0203058379786489,0.429965514711277,0.515151515151515
2025,6,"BUF",65,6.83076923076923,0.0667959427191861,0.476923076923077,2,0.353846153846154,0,0,0.153846153846154,7,0.583333333333333,1,8,0.111111111111111,0.0247237804844749,0.453346653346653,0.598484848484849
2025,1,"CAR",58,6.51724137931035,0.206104288636796,0.5,0,0.241379310344828,1,0.0172413793103448,0.120689655172414,7,0.583333333333333,2,9,0.181818181818182,NA,NA,NA
2025,2,"CAR",47,6.27659574468085,0.127011319699574,0.446808510638298,1,0.25531914893617,1,0.0212765957446809,0.0851063829787234,6,0.666666666666667,2,8,0.2,NA,NA,NA
2025,3,"CAR",65,5.10769230769231,-0.242306362820191,0.369230769230769,0,0.338461538461538,2,0.0307692307692308,0.0769230769230769,8,0.615384615384615,0,0,NA,0.0302697485053932,0.438679759956356,0.621794871794872
2025,4,"CAR",43,7.04651162790698,0.396699260389649,0.418604651162791,1,0.186046511627907,0,0,0.186046511627907,5,0.625,4,7,0.363636363636364,0.0938014057563441,0.411547977010619,0.635683760683761
2025,5,"CAR",53,4.67924528301887,0.095273431587789,0.358490566037736,3,0.39622641509434,0,0,0.0566037735849057,8,0.615384615384615,2,8,0.2,0.0832221097190824,0.382108662143765,0.618589743589744
2025,6,"CAR",52,5.63461538461539,0.179611804286581,0.403846153846154,0,0.346153846153846,0,0,0.0576923076923077,7,0.583333333333333,2,12,0.142857142857143,0.223861498754673,0.393647123682227,0.607905982905983
2025,1,"CHI",51,5.01960784313725,-0.176886315133175,0.411764705882353,3,0.313725490196078,1,0.0196078431372549,0.117647058823529,9,0.75,2,7,0.222222222222222,NA,NA,NA
2025,2,"CHI",58,8.81034482758621,0.409490237906714,0.551724137931034,0,0.172413793103448,0,0,0.172413793103448,6,0.6,6,10,0.375,NA,NA,NA
2025,3,"CHI",68,5.85294117647059,-0.0395221512504256,0.485294117647059,2,0.191176470588235,4,0.0588235294117647,0.0735294117647059,8,0.727272727272727,1,13,0.0714285714285714,0.0643605905077043,0.482927653820149,0.692424242424242
2025,4,"CHI",50,7.04,-0.182654464157968,0.54,0,0.3,4,0.08,0.18,6,0.75,2,7,0.222222222222222,0.0624378741661067,0.525672751859364,0.692424242424242
2025,6,"CHI",58,5.68965517241379,-0.0292835209425597,0.448275862068966,3,0.258620689655172,3,0.0517241379310345,0.103448275862069,5,0.625,1,1,0.5,-0.0838200454503178,0.491189993238675,0.700757575757576
2025,1,"CIN",70,4.5,-0.0762697131157449,0.385714285714286,2,0.342857142857143,2,0.0285714285714286,0.0428571428571429,7,0.4375,2,9,0.181818181818182,NA,NA,NA
2025,2,"CIN",68,5.80882352941176,0.0944758392265685,0.5,1,0.294117647058824,2,0.0294117647058824,0.0588235294117647,6,0.5,3,15,0.166666666666667,NA,NA,NA
2025,3,"CIN",52,6.13461538461539,0.18105909648897,0.538461538461538,3,0.230769230769231,0,0,0.134615384615385,7,0.636363636363636,4,7,0.363636363636364,0.066421740866598,0.474725274725275,0.524621212121212
2025,4,"CIN",74,6.85135135135135,0.239616195995335,0.513513513513513,0,0.216216216216216,1,0.0135135135135135,0.135135135135135,5,0.384615384615385,4,10,0.285714285714286,0.171717043903625,0.517325017325017,0.506993006993007
2025,5,"CIN",57,6.3859649122807,0.229853172576169,0.526315789473684,4,0.210526315789474,1,0.0175438596491228,0.087719298245614,5,0.714285714285714,5,9,0.357142857142857,0.216842821686825,0.526096947149579,0.578421578421578
2025,6,"CIN",59,6.93220338983051,0.208029896680662,0.576271186440678,1,0.220338983050847,1,0.0169491525423729,0.169491525423729,6,0.545454545454545,3,3,0.5,0.225833088417389,0.538700163142625,0.548118548118548
2025,7,"CIN",54,7.33333333333333,0.364886814976301,0.5,0,0.259259259259259,2,0.037037037037037,0.12962962962963,3,0.3,3,8,0.272727272727273,0.267589961411044,0.534195658638121,0.51991341991342
2025,1,"CLE",49,2.87755102040816,-0.108868147709173,0.408163265306122,3,0.36734693877551,0,0,0.0204081632653061,7,0.5,2,6,0.25,NA,NA,NA
2025,2,"CLE",49,4.79591836734694,0.0992771883837476,0.387755102040816,3,0.346938775510204,0,0,0.0612244897959184,8,0.727272727272727,2,7,0.222222222222222,NA,NA,NA
2025,3,"CLE",59,3.86440677966102,-0.0781918559753645,0.372881355932203,5,0.305084745762712,1,0.0169491525423729,0.0508474576271186,8,0.444444444444444,1,5,0.166666666666667,-0.0292609384335967,0.389599907759714,0.557239057239057
2025,4,"CLE",52,5.03846153846154,-0.150018478309198,0.384615384615385,0,0.346153846153846,1,0.0192307692307692,0.0961538461538462,8,0.571428571428571,3,6,0.333333333333333,-0.0429777153002716,0.381750614196135,0.581048581048581
2025,5,"CLE",58,6.05172413793103,0.130434715945429,0.5,3,0.258620689655172,1,0.0172413793103448,0.120689655172414,6,0.666666666666667,2,4,0.333333333333333,-0.0325918727797111,0.419165580182529,0.560846560846561
2025,6,"CLE",55,6.09090909090909,0.130154111870845,0.418181818181818,0,0.290909090909091,0,0,0.181818181818182,7,0.583333333333333,1,1,0.5,0.0368567831690255,0.434265734265734,0.607142857142857
2025,1,"DAL",59,5.16949152542373,0.160450145960309,0.508474576271186,1,0.203389830508475,0,0,0.101694915254237,4,0.333333333333333,3,5,0.375,NA,NA,NA
2025,2,"DAL",63,7.09523809523809,0.165431892265604,0.46031746031746,3,0.301587301587302,1,0.0158730158730159,0.126984126984127,8,0.615384615384615,1,13,0.0714285714285714,NA,NA,NA
2025,3,"DAL",54,7.11111111111111,0.291846800008811,0.481481481481481,0,0.296296296296296,0,0,0.12962962962963,6,0.428571428571429,2,9,0.181818181818182,0.205909612744908,0.483424506023376,0.459096459096459
2025,4,"DAL",75,6.26666666666667,0.316426580619641,0.546666666666667,1,0.253333333333333,1,0.0133333333333333,0.106666666666667,4,0.307692307692308,5,13,0.277777777777778,0.257901757631352,0.496155202821869,0.450549450549451
2025,5,"DAL",71,5.25352112676056,0.0209884846612355,0.492957746478873,5,0.28169014084507,1,0.0140845070422535,0.112676056338028,9,0.5625,2,12,0.142857142857143,0.209753955096562,0.507035298209007,0.432921245421245
2025,6,"DAL",61,6.77049180327869,0.282718423503993,0.590163934426229,1,0.163934426229508,0,0,0.147540983606557,5,0.625,2,6,0.25,0.20671116292829,0.543262782523923,0.498397435897436
2025,1,"DEN",54,2.46296296296296,-0.370563232575141,0.240740740740741,6,0.444444444444444,2,0.037037037037037,0.0185185185185185,12,0.857142857142857,0,6,0,NA,NA,NA
2025,2,"DEN",65,7.09230769230769,0.123371020905888,0.476923076923077,1,0.261538461538462,0,0,0.0923076923076923,7,0.538461538461538,2,16,0.111111111111111,NA,NA,NA
2025,3,"DEN",79,4.62025316455696,-0.0756317373497136,0.392405063291139,5,0.367088607594937,1,0.0126582278481013,0.0759493670886076,9,0.5625,2,10,0.166666666666667,-0.107607983006322,0.370022960318319,0.652701465201465
2025,4,"DEN",42,3.80952380952381,-0.256364863590504,0.357142857142857,3,0.380952380952381,0,0,0.0238095238095238,9,0.818181818181818,0,3,0,-0.0695418600114432,0.408823665785691,0.639714452214452
2025,5,"DEN",54,5.61111111111111,0.00316122240578864,0.388888888888889,6,0.444444444444444,0,0,0.0925925925925926,9,0.818181818181818,1,3,0.25,-0.10961179284481,0.379478936440962,0.732954545454546
2025,6,"DEN",57,1.43859649122807,-0.420661467797319,0.245614035087719,9,0.421052631578947,0,0,0,13,0.866666666666667,0,2,0,-0.224621702994012,0.330548593706488,0.834343434343434
2025,1,"DET",44,5.97727272727273,0.200990506103204,0.431818181818182,0,0.25,0,0,0.113636363636364,6,0.6,3,10,0.230769230769231,NA,NA,NA
2025,2,"DET",64,5.296875,-0.16596288634355,0.359375,4,0.328125,2,0.03125,0.140625,6,0.461538461538462,2,5,0.285714285714286,NA,NA,NA
2025,3,"DET",54,5.83333333333333,0.0502068841765621,0.462962962962963,7,0.37037037037037,1,0.0185185185185185,0.12962962962963,5,0.454545454545455,2,9,0.181818181818182,0.028411501312072,0.418052048260382,0.505361305361305
2025,4,"DET",64,3.90625,-0.363042712929736,0.28125,3,0.453125,3,0.046875,0.0625,11,0.785714285714286,1,9,0.1,-0.159599571698908,0.367862654320988,0.567266067266067
2025,5,"DET",57,5.45614035087719,-0.149252425202492,0.403508771929825,2,0.368421052631579,3,0.0526315789473684,0.12280701754386,7,0.636363636363636,2,3,0.4,-0.154029417985222,0.382573911630929,0.625541125541126
2025,6,"DET",58,6.17241379310345,0.267526656533969,0.551724137931034,3,0.206896551724138,0,0,0.103448275862069,5,0.555555555555556,4,12,0.25,-0.0815894938660863,0.41216096995362,0.659211159211159
2025,1,"GB",63,3.85714285714286,-0.0935414594058376,0.412698412698413,4,0.317460317460317,1,0.0158730158730159,0.0317460317460317,10,0.666666666666667,1,12,0.0769230769230769,NA,NA,NA
2025,2,"GB",64,3.59375,-0.181292835706652,0.359375,4,0.40625,0,0,0.015625,11,0.6875,2,3,0.4,NA,NA,NA
2025,3,"GB",56,3.94642857142857,-0.151620707016232,0.285714285714286,2,0.339285714285714,1,0.0178571428571429,0.0357142857142857,9,0.692307692307692,1,7,0.125,-0.142151667376241,0.352595899470899,0.68215811965812
2025,4,"GB",66,6.56060606060606,0.330915962117946,0.545454545454545,1,0.196969696969697,0,0,0.106060606060606,6,0.6,4,7,0.363636363636364,-0.000665860201646033,0.396847943722944,0.659935897435897
2025,6,"GB",61,4.42622950819672,0.0929051832784652,0.491803278688525,1,0.344262295081967,0,0,0.0163934426229508,8,0.571428571428571,2,8,0.2,0.0907334794600598,0.440990703285785,0.621245421245421
2025,1,"HOU",54,5.35185185185185,-0.0888853070479214,0.407407407407407,3,0.314814814814815,1,0.0185185185185185,0.0925925925925926,6,0.5,2,6,0.25,NA,NA,NA
2025,2,"HOU",73,4.93150684931507,0.134635762231108,0.520547945205479,4,0.315068493150685,0,0,0.10958904109589,8,0.571428571428571,3,8,0.272727272727273,NA,NA,NA
2025,3,"HOU",65,4.49230769230769,-0.163264141246134,0.369230769230769,2,0.4,1,0.0153846153846154,0.0615384615384615,11,0.733333333333333,2,4,0.333333333333333,-0.0391712286876491,0.432395373947885,0.601587301587302
2025,4,"HOU",45,3.88888888888889,-0.339841412962307,0.333333333333333,2,0.511111111111111,1,0.0222222222222222,0.133333333333333,9,0.818181818181818,0,0,NA,-0.122823263992444,0.407704015923194,0.707647907647908
2025,5,"HOU",40,5.175,-0.335742803858894,0.375,1,0.3,3,0.075,0.05,5,0.625,1,4,0.2,-0.279616119355778,0.359188034188034,0.72550505050505
2025,1,"IND",46,4.6304347826087,-0.20138605435552,0.434782608695652,3,0.369565217391304,2,0.0434782608695652,0.0652173913043478,4,0.444444444444444,1,4,0.2,NA,NA,NA
2025,2,"IND",53,5.67924528301887,0.174417486489375,0.452830188679245,0,0.283018867924528,1,0.0188679245283019,0.0943396226415094,5,0.555555555555556,3,6,0.333333333333333,NA,NA,NA
2025,3,"IND",65,4.33846153846154,-0.172455613127119,0.446153846153846,4,0.369230769230769,1,0.0153846153846154,0.0615384615384615,9,0.642857142857143,2,8,0.2,-0.0664747269977546,0.444588881176248,0.547619047619048
2025,4,"IND",66,7,0.0754038884995359,0.53030303030303,3,0.318181818181818,1,0.0151515151515152,0.121212121212121,8,0.666666666666667,2,2,0.5,0.0257885872872639,0.476429021712041,0.621693121693122
2025,5,"IND",63,4.52380952380952,-0.264383179322792,0.476190476190476,4,0.317460317460317,2,0.0317460317460317,0.0634920634920635,6,0.461538461538462,0,14,0,-0.120478301316792,0.484215784215784,0.59035409035409
2025,6,"IND",69,5.73913043478261,0.101198903208959,0.478260869565217,2,0.376811594202899,1,0.0144927536231884,0.130434782608696,5,0.357142857142857,3,15,0.166666666666667,-0.0292601292047656,0.494918125352908,0.495115995115995
2025,1,"JAX",60,4.26666666666667,-0.256379708421118,0.35,1,0.383333333333333,3,0.05,0.05,7,0.466666666666667,0,4,0,NA,NA,NA
2025,2,"JAX",65,5.38461538461539,-0.00716599251961108,0.430769230769231,3,0.369230769230769,3,0.0461538461538462,0.0769230769230769,8,0.571428571428571,3,9,0.25,NA,NA,NA
2025,3,"JAX",55,4.58181818181818,-0.256140440431268,0.309090909090909,2,0.327272727272727,3,0.0545454545454545,0.0363636363636364,11,0.785714285714286,0,3,0,-0.173228713790666,0.363286713286713,0.607936507936508
2025,4,"JAX",63,6.20634920634921,-0.0143651913654545,0.444444444444444,1,0.301587301587302,3,0.0476190476190476,0.126984126984127,5,0.384615384615385,1,10,0.0909090909090909,-0.0925572081054444,0.394768194768195,0.580586080586081
2025,5,"JAX",61,7.77049180327869,0.236831848863627,0.672131147540984,0,0.245901639344262,1,0.0163934426229508,0.147540983606557,4,0.444444444444444,5,8,0.384615384615385,-0.0112245943110317,0.475222167025446,0.538258038258038
2025,6,"JAX",50,6.6,0.0325823573461297,0.38,1,0.42,0,0,0.1,10,0.909090909090909,1,9,0.1,0.085016338281434,0.498858530661809,0.579383579383579
2025,1,"KC",56,6.01785714285714,0.222616034973164,0.553571428571429,3,0.303571428571429,0,0,0.0714285714285714,5,0.454545454545455,1,6,0.142857142857143,NA,NA,NA
2025,2,"KC",54,3.90740740740741,-0.034963712951887,0.407407407407407,2,0.314814814814815,0,0,0.0740740740740741,9,0.642857142857143,2,4,0.333333333333333,NA,NA,NA
2025,3,"KC",59,4.76271186440678,-0.2161945638672,0.389830508474576,2,0.322033898305085,2,0.0338983050847458,0.11864406779661,9,0.9,1,6,0.142857142857143,-0.00951408061530786,0.450269781484471,0.665800865800866
2025,4,"KC",51,6.72549019607843,-0.0770783491497365,0.450980392156863,3,0.313725490196078,2,0.0392156862745098,0.137254901960784,7,0.7,1,5,0.166666666666667,-0.109412208656275,0.416072769346282,0.747619047619048
2025,5,"KC",52,6.03846153846154,0.0416369823101597,0.480769230769231,3,0.269230769230769,2,0.0384615384615385,0.134615384615385,4,0.444444444444444,3,11,0.214285714285714,-0.0838786435689257,0.44052671046689,0.681481481481481
2025,6,"KC",53,5.60377358490566,0.112325160200752,0.528301886792453,1,0.169811320754717,0,0,0.0943396226415094,6,0.545454545454545,1,6,0.142857142857143,0.0256279311203916,0.486683836572849,0.563299663299663
2025,1,"LA",56,4.64285714285714,-0.158999286285687,0.357142857142857,3,0.232142857142857,2,0.0357142857142857,0.0892857142857143,7,0.777777777777778,0,4,0,NA,NA,NA
2025,2,"LA",64,3.9375,-0.123710828129782,0.390625,5,0.34375,1,0.015625,0.078125,9,0.6,1,5,0.166666666666667,NA,NA,NA
2025,3,"LA",62,4.67741935483871,0.033517855355441,0.419354838709677,4,0.338709677419355,1,0.0161290322580645,0.112903225806452,9,0.642857142857143,3,16,0.157894736842105,-0.0830640863533427,0.389040898617512,0.673544973544974
2025,4,"LA",53,5.88679245283019,-0.122788624467033,0.452830188679245,2,0.30188679245283,3,0.0566037735849057,0.0943396226415094,8,0.666666666666667,2,3,0.4,-0.0709938657471248,0.420936675796308,0.636507936507936
2025,5,"LA",81,4.8641975308642,0.0996798970202657,0.506172839506173,1,0.296296296296296,0,0,0.0123456790123457,11,0.611111111111111,2,10,0.166666666666667,0.00346970930289121,0.459452622298365,0.64021164021164
2025,6,"LA",73,3.95890410958904,-0.329270453905449,0.397260273972603,4,0.328767123287671,3,0.0410958904109589,0.0821917808219178,10,0.588235294117647,0,11,0,-0.117459727117406,0.452087767386007,0.622004357298475
2025,1,"LAC",57,6.05263157894737,0.202887476518004,0.456140350877193,2,0.350877192982456,0,0,0.140350877192982,9,0.692307692307692,1,8,0.111111111111111,NA,NA,NA
2025,2,"LAC",65,3.35384615384615,-0.391883261733006,0.307692307692308,3,0.430769230769231,3,0.0461538461538462,0.0923076923076923,9,0.5,0,9,0,NA,NA,NA
2025,3,"LAC",46,5.30434782608696,-0.126958681323438,0.260869565217391,2,0.41304347826087,0,0,0.108695652173913,11,0.846153846153846,1,3,0.25,-0.105318155512813,0.341567407928964,0.679487179487179
2025,4,"LAC",69,3.60869565217391,-0.164161657806263,0.405797101449275,6,0.318840579710145,0,0,0.0579710144927536,8,0.533333333333333,1,14,0.0666666666666667,-0.227667866954236,0.324786324786325,0.626495726495726
2025,5,"LAC",51,7.27450980392157,0.159225046002965,0.568627450980392,1,0.313725490196078,1,0.0196078431372549,0.176470588235294,4,0.666666666666667,2,8,0.2,-0.0439650977089121,0.411764705882353,0.682051282051282
2025,6,"LAC",54,6.11111111111111,0.0236000294091087,0.425925925925926,2,0.333333333333333,3,0.0555555555555556,0.0925925925925926,6,0.6,2,4,0.333333333333333,0.00622113920193692,0.466783492785198,0.6
2025,1,"LV",68,4.94117647058824,-0.0660757663609487,0.411764705882353,4,0.382352941176471,1,0.0147058823529412,0.0588235294117647,10,0.714285714285714,1,5,0.166666666666667,NA,NA,NA
2025,2,"LV",51,5.94117647058824,-0.102254965140484,0.411764705882353,2,0.352941176470588,1,0.0196078431372549,0.0980392156862745,7,0.777777777777778,1,5,0.166666666666667,NA,NA,NA
2025,3,"LV",51,7.66666666666667,0.291637222498433,0.490196078431373,1,0.235294117647059,1,0.0196078431372549,0.137254901960784,4,0.444444444444444,2,5,0.285714285714286,0.0411021636656666,0.437908496732026,0.645502645502645
2025,4,"LV",62,4.29032258064516,-0.100534697525103,0.435483870967742,1,0.435483870967742,1,0.0161290322580645,0.0645161290322581,9,0.5625,1,16,0.0588235294117647,0.0296158532776153,0.445814885093822,0.594907407407407
2025,5,"LV",61,5.22950819672131,0.2768333146738,0.508196721311475,0,0.262295081967213,0,0,0.0655737704918033,2,0.2,6,16,0.272727272727273,0.15597861321571,0.477958890236863,0.402314814814815
2025,6,"LV",58,3.87931034482759,-0.307668654738855,0.379310344827586,6,0.379310344827586,3,0.0517241379310345,0.103448275862069,10,0.769230769230769,1,6,0.142857142857143,-0.0437900125300526,0.440996979035601,0.510576923076923
2025,1,"MIA",69,5.89855072463768,0.25046856612633,0.521739130434783,1,0.217391304347826,0,0,0.130434782608696,8,0.533333333333333,2,17,0.105263157894737,NA,NA,NA
2025,2,"MIA",53,6.37735849056604,0.343923120322916,0.509433962264151,3,0.188679245283019,0,0,0.0943396226415094,5,0.416666666666667,3,8,0.272727272727273,NA,NA,NA
2025,3,"MIA",56,6.48214285714286,0.284754967119857,0.553571428571429,1,0.214285714285714,0,0,0.142857142857143,5,0.454545454545455,4,8,0.333333333333333,0.293048884523034,0.528248173756787,0.468181818181818
2025,4,"MIA",56,6.625,0.182979385344823,0.625,2,0.25,2,0.0357142857142857,0.125,5,0.555555555555556,0,5,0,0.270552490929199,0.56266846361186,0.475589225589226
2025,5,"MIA",60,6.73333333333333,0.136640719806523,0.45,3,0.25,2,0.0333333333333333,0.15,6,0.545454545454545,3,8,0.272727272727273,0.201458357423734,0.542857142857143,0.518518518518518
2025,6,"MIA",64,6.296875,0.103991037248707,0.453125,1,0.25,1,0.015625,0.125,9,0.6,2,17,0.105263157894737,0.141203714133351,0.509375,0.567003367003367
2025,1,"MIN",61,4.98360655737705,-0.0723649844862529,0.377049180327869,2,0.360655737704918,1,0.0163934426229508,0.0983606557377049,9,0.75,2,2,0.5,NA,NA,NA
2025,2,"MIN",60,5.41666666666667,-0.0244442386954268,0.45,3,0.25,1,0.0166666666666667,0.133333333333333,8,0.571428571428571,1,13,0.0714285714285714,NA,NA,NA
2025,3,"MIN",51,3.05882352941176,-0.857977782002047,0.274509803921569,4,0.352941176470588,5,0.0980392156862745,0.0392156862745098,8,0.8,1,1,0.5,-0.318262335061242,0.367186328083146,0.707142857142857
2025,4,"MIN",49,6.36734693877551,0.150316285662149,0.571428571428571,2,0.204081632653061,0,0,0.102040816326531,6,0.75,2,14,0.125,-0.244035245011775,0.431979458450047,0.707142857142857
2025,5,"MIN",65,4.93846153846154,0.00736937651661165,0.4,2,0.369230769230769,0,0,0.107692307692308,12,0.8,2,14,0.125,-0.233430706607762,0.41531279178338,0.783333333333333
2025,1,"NE",57,6.42105263157895,0.123105050013795,0.43859649122807,4,0.403508771929825,1,0.0175438596491228,0.175438596491228,6,0.545454545454545,1,2,0.333333333333333,NA,NA,NA
2025,2,"NE",52,6.88461538461539,0.169882718400781,0.480769230769231,5,0.326923076923077,1,0.0192307692307692,0.0961538461538462,6,0.6,1,1,0.5,NA,NA,NA
2025,3,"NE",44,4.54545454545455,-0.103105418200853,0.477272727272727,0,0.318181818181818,1,0.0227272727272727,0.0681818181818182,5,0.625,3,5,0.375,0.0632941167379073,0.465546149756676,0.590151515151515
2025,4,"NE",65,5.01538461538462,-0.0243401050376954,0.492307692307692,1,0.323076923076923,0,0,0.0923076923076923,9,0.642857142857143,2,3,0.4,0.014145731720744,0.483449883449883,0.622619047619048
2025,5,"NE",59,5.91525423728814,-0.0137397511008784,0.491525423728814,1,0.220338983050847,3,0.0508474576271186,0.11864406779661,4,0.444444444444444,2,11,0.153846153846154,-0.0470617581131424,0.487035281103078,0.570767195767196
2025,6,"NE",51,5.80392156862745,-0.0411474344253871,0.450980392156863,2,0.235294117647059,1,0.0196078431372549,0.0588235294117647,6,0.666666666666667,1,7,0.125,-0.0264090968546536,0.47827116939779,0.584656084656085
2025,1,"NO",59,4.6271186440678,0.0373811746008302,0.406779661016949,5,0.338983050847458,0,0,0.101694915254237,7,0.538461538461538,2,7,0.222222222222222,NA,NA,NA
2025,2,"NO",63,5.46031746031746,0.0399903242788204,0.476190476190476,3,0.349206349206349,1,0.0158730158730159,0.0634920634920635,6,0.428571428571429,2,3,0.4,NA,NA,NA
2025,3,"NO",48,5.45833333333333,0.0443011272331256,0.4375,0,0.229166666666667,1,0.0208333333333333,0.125,5,0.714285714285714,4,6,0.4,0.040557542037592,0.440156712402475,0.56043956043956
2025,4,"NO",53,6.73584905660377,0.193412265854043,0.471698113207547,3,0.245283018867925,1,0.0188679245283019,0.150943396226415,6,0.666666666666667,2,5,0.285714285714286,0.0925679057886631,0.461796196466008,0.603174603174603
2025,5,"NO",68,4.89705882352941,-0.283237778175937,0.470588235294118,1,0.235294117647059,5,0.0735294117647059,0.0441176470588235,7,0.7,3,7,0.3,-0.0151747950295895,0.459928782833888,0.693650793650794
2025,6,"NO",55,5.63636363636364,0.0968588156582909,0.490909090909091,1,0.327272727272727,0,0,0.0727272727272727,6,0.5,0,4,0,0.00234443444546565,0.477731813136919,0.622222222222222
2025,1,"NYG",60,7.06666666666667,0.216415803685474,0.533333333333333,3,0.25,0,0,0.15,5,0.625,3,5,0.375,NA,NA,NA
2025,2,"NYG",80,5.5375,0.0529249215417083,0.4375,3,0.325,1,0.0125,0.075,8,0.571428571428571,3,6,0.333333333333333,NA,NA,NA
2025,3,"NYG",63,4.88888888888889,0.1437034521512,0.492063492063492,2,0.349206349206349,0,0,0.0793650793650794,6,0.428571428571429,1,5,0.166666666666667,0.137681392459461,0.487632275132275,0.541666666666667
2025,4,"NYG",56,6.07142857142857,-0.13750039797248,0.410714285714286,2,0.375,2,0.0357142857142857,0.107142857142857,7,0.636363636363636,0,1,0,0.0197093252401428,0.446759259259259,0.545454545454545
2025,5,"NYG",60,5.55,0.0741706033311322,0.466666666666667,0,0.316666666666667,0,0,0.0833333333333333,8,0.533333333333333,0,8,0,0.0267912191699508,0.456481481481481,0.532756132756133
2025,6,"NYG",56,6.05357142857143,-0.0966733384220342,0.446428571428571,3,0.375,2,0.0357142857142857,0.107142857142857,8,0.888888888888889,2,10,0.166666666666667,-0.053334377687794,0.441269841269841,0.686195286195286
2025,1,"NYJ",52,5.26923076923077,0.158692539400295,0.403846153846154,4,0.365384615384615,0,0,0.0961538461538462,6,0.6,3,4,0.428571428571429,NA,NA,NA
2025,2,"NYJ",63,5.71428571428571,0.148267390446039,0.46031746031746,1,0.253968253968254,0,0,0.0634920634920635,8,0.666666666666667,2,11,0.153846153846154,NA,NA,NA
2025,3,"NYJ",61,5.63934426229508,0.0107386103501164,0.327868852459016,1,0.344262295081967,0,0,0.163934426229508,9,0.692307692307692,1,9,0.1,0.105899513398817,0.397344155540877,0.652991452991453
2025,4,"NYJ",54,5.37037037037037,0.0989457730940508,0.388888888888889,0,0.296296296296296,0,0,0.0925925925925926,7,0.636363636363636,3,10,0.230769230769231,0.0859839246300687,0.392358400555122,0.665112665112665
2025,5,"NYJ",54,7.44444444444444,0.329754552120905,0.462962962962963,1,0.314814814814815,0,0,0.12962962962963,6,0.5,2,6,0.25,0.146479645188357,0.393240234770289,0.60955710955711
2025,6,"NYJ",55,4.50909090909091,-0.0856510583049511,0.345454545454545,1,0.363636363636364,1,0.0181818181818182,0.0363636363636364,10,0.666666666666667,1,4,0.2,0.114349755636668,0.399102132435466,0.601010101010101
2025,1,"PHI",52,5.75,0.024170916742228,0.442307692307692,0,0.307692307692308,1,0.0192307692307692,0.0769230769230769,4,0.363636363636364,2,3,0.4,NA,NA,NA
2025,2,"PHI",57,5.15789473684211,-0.135294011336303,0.403508771929825,2,0.350877192982456,1,0.0175438596491228,0.12280701754386,8,0.666666666666667,1,6,0.142857142857143,NA,NA,NA
2025,3,"PHI",63,5.3015873015873,-0.0231756435721213,0.492063492063492,1,0.317460317460317,1,0.0158730158730159,0.111111111111111,7,0.7,1,7,0.125,-0.0447662460553988,0.44595998543367,0.576767676767677
2025,4,"PHI",64,5.6875,-0.218485432859157,0.34375,2,0.328125,2,0.03125,0.046875,10,0.769230769230769,0,5,0,-0.125651695922527,0.413107421331106,0.711965811965812
2025,5,"PHI",69,5.20289855072464,0.083089097939985,0.492753623188406,2,0.289855072463768,0,0,0.0869565217391304,10,0.666666666666667,2,6,0.25,-0.0528573261637644,0.442855705083966,0.711965811965812
2025,6,"PHI",62,5.75806451612903,0.233070666300914,0.467741935483871,2,0.209677419354839,0,0,0.145161290322581,4,0.307692307692308,4,9,0.307692307692308,0.0325581104605807,0.434748519557426,0.581196581196581
2025,1,"PIT",62,6.29032258064516,0.212802253244303,0.5,1,0.241935483870968,0,0,0.17741935483871,7,0.538461538461538,3,9,0.25,NA,NA,NA
2025,2,"PIT",61,6.49180327868852,0.105852763079247,0.459016393442623,2,0.344262295081967,2,0.0327868852459016,0.114754098360656,7,0.538461538461538,2,7,0.222222222222222,NA,NA,NA
2025,3,"PIT",70,5.24285714285714,-0.194106627493914,0.457142857142857,5,0.242857142857143,5,0.0714285714285714,0.0857142857142857,7,0.538461538461538,2,5,0.285714285714286,0.0415161296098786,0.472053083528493,0.538461538461538
2025,4,"PIT",70,5.2,0.0371201825789446,0.442857142857143,6,0.385714285714286,2,0.0285714285714286,0.0714285714285714,9,0.692307692307692,2,11,0.153846153846154,-0.0170445606119074,0.453005464480874,0.58974358974359
2025,6,"PIT",73,3.17808219178082,-0.207016911071747,0.356164383561644,6,0.452054794520548,0,0,0.0273972602739726,10,0.625,0,12,0,-0.121334451995572,0.418721461187215,0.618589743589744
2025,7,"PIT",69,6.97101449275362,0.329444764881155,0.507246376811594,2,0.289855072463768,0,0,0.115942028985507,6,0.461538461538462,2,13,0.133333333333333,0.0531826787961175,0.435422634410127,0.592948717948718
2025,1,"SEA",70,5.51428571428571,0.112443478428686,0.5,1,0.257142857142857,2,0.0285714285714286,0.0857142857142857,7,0.5,2,18,0.1,NA,NA,NA
2025,2,"SEA",59,4.55932203389831,-0.176846375346113,0.338983050847458,3,0.322033898305085,2,0.0338983050847458,0.0677966101694915,10,0.666666666666667,1,7,0.125,NA,NA,NA
2025,3,"SEA",67,4.17910447761194,-0.168754796381912,0.402985074626866,1,0.298507462686567,1,0.0149253731343284,0.0149253731343284,10,0.666666666666667,1,5,0.166666666666667,-0.0777192310997798,0.413989375158108,0.611111111111111
2025,4,"SEA",63,3.95238095238095,-0.102255266870002,0.365079365079365,6,0.365079365079365,2,0.0317460317460317,0.0317460317460317,9,0.6,2,5,0.285714285714286,-0.149285479532676,0.369015830184563,0.644444444444444
2025,5,"SEA",57,7.50877192982456,0.400960906222411,0.508771929824561,1,0.210526315789474,0,0,0.140350877192982,4,0.363636363636364,4,8,0.333333333333333,0.0433169476568322,0.425612123176931,0.543434343434343
2025,6,"SEA",67,3.83582089552239,-0.0637994244001146,0.373134328358209,7,0.402985074626866,0,0,0.0447761194029851,12,0.8,0,1,0,0.0783020716507647,0.415661874420712,0.587878787878788
2025,1,"SF",47,4.87234042553191,-0.205004170448777,0.468085106382979,0,0.340425531914894,1,0.0212765957446809,0.0638297872340425,7,0.7,1,6,0.142857142857143,NA,NA,NA
2025,2,"SF",66,4.62121212121212,-0.0943028195783953,0.424242424242424,3,0.303030303030303,1,0.0151515151515152,0.0757575757575758,7,0.636363636363636,3,6,0.333333333333333,NA,NA,NA
2025,3,"SF",63,4.12698412698413,0.0274705540664832,0.396825396825397,1,0.301587301587302,0,0,0.0317460317460317,9,0.642857142857143,1,4,0.2,-0.0906121453202298,0.4297176424836,0.65974025974026
2025,4,"SF",58,5.48275862068965,0.0700353120803944,0.46551724137931,0,0.293103448275862,0,0,0.0862068965517241,8,0.666666666666667,1,4,0.2,0.00106768218949408,0.428861687482377,0.648629148629149
2025,5,"SF",62,7.29032258064516,0.0559912671422207,0.548387096774194,1,0.306451612903226,2,0.032258064516129,0.145161290322581,6,0.6,3,9,0.25,0.0511657110963661,0.470243244992967,0.636507936507936
2025,6,"SF",49,6.51020408163265,0.215569361096234,0.530612244897959,1,0.26530612244898,0,0,0.122448979591837,5,0.625,2,4,0.333333333333333,0.113865313439617,0.514838861017154,0.630555555555556
2025,1,"TB",68,5.08823529411765,0.0379368608486533,0.441176470588235,1,0.367647058823529,0,0,0.0588235294117647,9,0.6,1,10,0.0909090909090909,NA,NA,NA
2025,2,"TB",45,5.86666666666667,-0.0758094959766667,0.377777777777778,3,0.444444444444444,0,0,0.155555555555556,7,0.777777777777778,0,8,0,NA,NA,NA
2025,3,"TB",61,4.39344262295082,-0.185109919631564,0.442622950819672,4,0.311475409836066,2,0.0327868852459016,0.0655737704918033,8,0.727272727272727,2,5,0.285714285714286,-0.0743275182531924,0.420525733061895,0.701683501683502
2025,4,"TB",57,3.43859649122807,-0.0983320160876759,0.403508771929825,2,0.350877192982456,0,0,0.087719298245614,9,0.642857142857143,3,4,0.428571428571429,-0.119750477231969,0.407969833509091,0.715969215969216
2025,5,"TB",53,8.32075471698113,0.368795601917794,0.60377358490566,0,0.188679245283019,2,0.0377358490566038,0.132075471698113,3,0.333333333333333,4,6,0.4,0.0284512220661846,0.483301769218386,0.567821067821068
2025,6,"TB",64,5.609375,-0.0245520172874309,0.46875,6,0.328125,1,0.015625,0.078125,9,0.5625,1,6,0.142857142857143,0.0819705228475622,0.492010785611828,0.512896825396825
2025,1,"TEN",65,4.53846153846154,-0.236403870157359,0.369230769230769,1,0.323076923076923,3,0.0461538461538462,0.0769230769230769,7,0.538461538461538,1,5,0.166666666666667,NA,NA,NA
2025,2,"TEN",56,7.67857142857143,0.292728132330437,0.482142857142857,1,0.25,1,0.0178571428571429,0.178571428571429,6,0.545454545454545,3,13,0.1875,NA,NA,NA
2025,3,"TEN",50,7.36,0.393653153349206,0.56,0,0.16,0,0,0.1,5,0.714285714285714,3,4,0.428571428571429,0.149992471840761,0.470457875457875,0.599400599400599
2025,4,"TEN",66,5.34848484848485,0.149970437206351,0.409090909090909,2,0.227272727272727,0,0,0.106060606060606,9,0.6,2,1,0.666666666666667,0.278783907628665,0.483744588744589,0.61991341991342
2025,5,"TEN",62,5.7741935483871,-0.0412140019667981,0.387096774193548,3,0.274193548387097,2,0.032258064516129,0.112903225806452,8,0.533333333333333,3,5,0.375,0.16746986286292,0.452062561094819,0.615873015873016
2025,6,"TEN",53,4.16981132075472,-0.200677994544432,0.39622641509434,2,0.377358490566038,1,0.0188679245283019,0.0566037735849057,7,0.538461538461538,2,11,0.153846153846154,-0.030640519768293,0.397471366126266,0.557264957264957
2025,1,"WAS",61,3.65573770491803,-0.27978311337626,0.327868852459016,2,0.491803278688525,0,0,0.0655737704918033,12,0.8,0,12,0,NA,NA,NA
2025,2,"WAS",61,6.65573770491803,0.161024007124766,0.508196721311475,2,0.245901639344262,0,0,0.0983606557377049,7,0.583333333333333,3,10,0.230769230769231,NA,NA,NA
2025,3,"WAS",64,5.5625,0.0449941284564411,0.359375,5,0.375,0,0,0.09375,11,0.785714285714286,2,6,0.25,-0.024588325931684,0.398480191256831,0.723015873015873
2025,4,"WAS",61,7.18032786885246,0.267325041699943,0.508196721311475,1,0.245901639344262,1,0.0163934426229508,0.131147540983607,5,0.454545454545455,4,7,0.363636363636364,0.157781059093717,0.458589480874317,0.607864357864358
2025,5,"WAS",63,5.34920634920635,-0.140444676581602,0.396825396825397,5,0.26984126984127,2,0.0317460317460317,0.0952380952380952,7,0.4375,1,8,0.111111111111111,0.0572914978582606,0.421465706045624,0.559253246753247
2025,6,"WAS",59,6.49152542372881,0.165527260674516,0.525423728813559,3,0.338983050847458,0,0,0.152542372881356,7,0.7,1,6,0.142857142857143,0.0974692085976188,0.476815282316811,0.530681818181818
