"season","week","offense_team","games_played","total_plays","pass_plays","run_plays","pass_rate","avg_yards_per_play","avg_yards_per_pass","avg_yards_per_run","avg_epa_per_play","avg_epa_pass","avg_epa_run","success_rate","explosive_play_rate","stuff_rate","sack_rate","turnovers_lost","turnover_rate","touchdowns","third_down_attempts","third_down_conversions","third_down_rate","red_zone_plays","red_zone_tds","red_zone_td_rate","two_min_plays","two_min_epa","plays_per_game","seconds_per_play","roll3_epa","roll3_success_rate","roll3_explosive_rate","roll3_third_down","roll3_red_zone_td","roll3_pace"
2025,1,"ARI",1,59,34,25,0.576271186440678,4.6271186440678,3.82352941176471,5.72,0.0373811746008302,0.0448470389958864,0.0272275990235536,0.406779661016949,0.101694915254237,0.338983050847458,0.147058823529412,0,0,2,13,6,0.461538461538462,9,2,0.222222222222222,3,0.653673667033824,59,NA,NA,NA,NA,NA,NA,NA
2025,2,"ARI",1,47,26,21,0.553191489361702,6.27659574468085,8.11538461538461,4,0.127011319699574,0.236144913792867,-0.00810646346355082,0.446808510638298,0.0851063829787234,0.25531914893617,0.0384615384615385,1,0.0212765957446809,2,9,3,0.333333333333333,10,2,0.2,6,0.738173627702054,47,NA,NA,NA,NA,NA,NA,NA
2025,3,"ARI",1,63,35,28,0.555555555555556,4.12698412698413,4.4,3.78571428571429,0.0274705540664832,0.0519602552069174,-0.0031415723590596,0.396825396825397,0.0317460317460317,0.301587301587302,0.0285714285714286,0,0,1,14,5,0.357142857142857,5,1,0.2,2,-0.584342357047717,63,NA,0.0639543494556291,0.416804522826881,0.0728491099929975,0.384004884004884,0.207407407407407,56.3333333333333
2025,4,"ARI",1,63,46,17,0.73015873015873,3.95238095238095,3.47826086956522,5.23529411764706,-0.102255266870002,-0.0987618290271361,-0.11170809868011,0.365079365079365,0.0317460317460317,0.365079365079365,0.130434782608696,2,0.0317460317460317,2,15,6,0.4,7,2,0.285714285714286,12,0.36358964437386,63,NA,0.0174088689653517,0.40290442418102,0.0495328154902623,0.363492063492063,0.228571428571429,57.6666666666667
2025,5,"ARI",1,62,34,28,0.548387096774194,5.7741935483871,5.64705882352941,5.92857142857143,-0.0412140019667981,0.0788466512561118,-0.187001938023189,0.387096774193548,0.112903225806452,0.274193548387097,0.0882352941176471,2,0.032258064516129,3,15,7,0.466666666666667,8,3,0.375,4,-0.328343870598474,62,NA,-0.0386662382567723,0.38300051203277,0.0587984297661717,0.407936507936508,0.286904761904762,62.6666666666667
2025,6,"ARI",1,69,46,23,0.666666666666667,5.73913043478261,6.78260869565217,3.65217391304348,0.101198903208959,0.136045528475053,0.0315056526767718,0.478260869565217,0.130434782608696,0.376811594202899,0.0434782608695652,1,0.0144927536231884,3,14,9,0.642857142857143,18,3,0.166666666666667,10,-0.354661140136886,69,NA,-0.014090121875947,0.41014566961271,0.0916946800537263,0.503174603174603,0.275793650793651,64.6666666666667
2025,1,"ATL",1,68,42,26,0.617647058823529,5.08823529411765,6.66666666666667,2.53846153846154,0.0379368608486533,0.182373416458917,-0.195383728983311,0.441176470588235,0.0588235294117647,0.367647058823529,0.0238095238095238,0,0,2,15,6,0.4,11,1,0.0909090909090909,12,0.15794049549629,68,NA,NA,NA,NA,NA,NA,NA
2025,2,"ATL",1,60,24,36,0.4,5.41666666666667,4.5,6.02777777777778,-0.0244442386954268,-0.39576580549887,0.223103472506868,0.45,0.133333333333333,0.25,0.125,1,0.0166666666666667,1,14,6,0.428571428571429,14,1,0.0714285714285714,5,-0.0490485776341433,60,NA,NA,NA,NA,NA,NA,NA
2025,3,"ATL",1,65,42,23,0.646153846153846,5.10769230769231,4.78571428571429,5.69565217391304,-0.242306362820191,-0.36231987986111,-0.0231512447454683,0.369230769230769,0.0769230769230769,0.338461538461538,0,2,0.0307692307692308,0,13,5,0.384615384615385,0,0,NA,8,-0.257234065124067,65,NA,-0.0762712468889881,0.420135746606335,0.089693313222725,0.404395604395604,NA,64.3333333333333
2025,4,"ATL",1,61,27,34,0.442622950819672,7.18032786885246,11.3703703703704,3.85294117647059,0.267325041699943,0.677321344415964,-0.0582602575157215,0.508196721311475,0.131147540983607,0.245901639344262,0.037037037037037,1,0.0163934426229508,4,11,6,0.545454545454545,11,4,0.363636363636364,3,-0.118898605908422,61,NA,0.000191480061441734,0.442475830180748,0.113801317080006,0.452880452880453,NA,62
2025,6,"ATL",1,65,34,31,0.523076923076923,6.83076923076923,6.85294117647059,6.80645161290323,0.0667959427191861,-0.0123314656132826,0.153580842180603,0.476923076923077,0.153846153846154,0.353846153846154,0.0588235294117647,0,0,3,12,5,0.416666666666667,9,1,0.111111111111111,12,-0.564949893670221,65,NA,0.0306048738663127,0.451450189155107,0.120638923917612,0.448912198912199,NA,63.6666666666667
2025,1,"BAL",1,50,21,29,0.42,8.64,9.23809523809524,8.20689655172414,0.385698698548134,0.418972408466034,0.361603943090344,0.5,0.3,0.26,0.0952380952380952,1,0.02,5,11,6,0.545454545454545,4,1,0.25,8,-0.366679890797166,50,NA,NA,NA,NA,NA,NA,NA
2025,2,"BAL",1,49,32,17,0.653061224489796,4.79591836734694,6.15625,2.23529411764706,0.0992771883837476,0.291959472695484,-0.263418876203051,0.387755102040816,0.0612244897959184,0.346938775510204,0.09375,0,0,4,11,3,0.272727272727273,9,2,0.222222222222222,3,-0.0652233597744877,49,NA,NA,NA,NA,NA,NA,NA
2025,3,"BAL",1,54,36,18,0.666666666666667,5.83333333333333,6.47222222222222,4.55555555555556,0.0502068841765621,0.293437840018688,-0.436255027507691,0.462962962962963,0.12962962962963,0.37037037037037,0.194444444444444,1,0.0185185185185185,4,11,6,0.545454545454545,11,2,0.181818181818182,13,0.140471331966611,54,NA,0.178394257036148,0.45023935500126,0.163618039808516,0.454545454545455,0.218013468013468,51
2025,4,"BAL",1,51,34,17,0.666666666666667,6.72549019607843,5.20588235294118,9.76470588235294,-0.0770783491497365,-0.343715729515241,0.456196411581272,0.450980392156863,0.137254901960784,0.313725490196078,0.0882352941176471,2,0.0392156862745098,2,10,3,0.3,6,1,0.166666666666667,7,-0.328975095060231,51,NA,0.0241352411368577,0.433899485720214,0.109369673795444,0.372727272727273,0.19023569023569,51.3333333333333
2025,5,"BAL",1,40,21,19,0.525,5.175,7.76190476190476,2.31578947368421,-0.335742803858894,-0.375950309139186,-0.29130292960173,0.375,0.05,0.3,0.0476190476190476,3,0.075,1,8,3,0.375,5,1,0.2,2,0.271357135658036,40,NA,-0.120871422944023,0.429647785039942,0.105628177196805,0.406818181818182,0.182828282828283,48.3333333333333
2025,6,"BAL",1,73,37,36,0.506849315068493,3.95890410958904,3.16216216216216,4.77777777777778,-0.329270453905449,-0.499164386130728,-0.154657245785024,0.397260273972603,0.0821917808219178,0.328767123287671,0.108108108108108,3,0.0410958904109589,0,17,7,0.411764705882353,11,0,0,12,-0.548356599014369,73,NA,-0.24736386897136,0.407746888709822,0.0898155609275674,0.362254901960784,0.122222222222222,54.6666666666667
2025,1,"BUF",1,77,49,28,0.636363636363636,6.51948051948052,7.93877551020408,4.03571428571429,0.234986576382388,0.291911434397524,0.1353680748559,0.493506493506494,0.116883116883117,0.324675324675325,0.0204081632653061,0,0,5,14,7,0.5,21,5,0.238095238095238,9,0.777821650111261,77,NA,NA,NA,NA,NA,NA,NA
2025,2,"BUF",1,63,26,37,0.412698412698413,5.71428571428571,6.88461538461539,4.89189189189189,0.148267390446039,0.155049035138816,0.143501910391655,0.46031746031746,0.0634920634920635,0.253968253968254,0.0384615384615385,0,0,3,12,4,0.333333333333333,13,2,0.153846153846154,4,0.138904114137404,63,NA,NA,NA,NA,NA,NA,NA
2025,3,"BUF",1,56,29,27,0.517857142857143,6.48214285714286,7.10344827586207,5.81481481481481,0.284754967119857,0.372102823833182,0.190936898798137,0.553571428571429,0.142857142857143,0.214285714285714,0.0344827586206897,0,0,4,11,6,0.545454545454545,12,4,0.333333333333333,4,-0.148961157956114,56,NA,0.222669644649428,0.502465127465127,0.107744107744108,0.45959595959596,0.241758241758242,65.3333333333333
2025,4,"BUF",1,53,25,28,0.471698113207547,6.73584905660377,7.64,5.92857142857143,0.193412265854043,0.196687391841633,0.190488046222267,0.471698113207547,0.150943396226415,0.245283018867925,0.12,1,0.0188679245283019,4,9,3,0.333333333333333,7,2,0.285714285714286,2,-0.0216555331426207,53,NA,0.20881154113998,0.495195667365479,0.119097534191874,0.404040404040404,0.257631257631258,57.3333333333333
2025,5,"BUF",1,59,31,28,0.525423728813559,5.91525423728814,7.32258064516129,4.35714285714286,-0.0137397511008784,0.123886700023929,-0.16611189341763,0.491525423728814,0.11864406779661,0.220338983050847,0.032258064516129,3,0.0508474576271186,2,9,5,0.555555555555556,13,2,0.153846153846154,1,-0.00966190782492049,59,NA,0.154809160624341,0.50559832183593,0.137481535626723,0.478114478114478,0.257631257631258,56
2025,6,"BUF",1,54,30,24,0.555555555555556,5.38888888888889,5.23333333333333,5.58333333333333,-0.118884553370191,-0.238928412553893,0.0311702706094366,0.462962962962963,0.0740740740740741,0.37037037037037,0.133333333333333,2,0.037037037037037,2,9,2,0.222222222222222,4,2,0.5,10,-0.401341974033858,54,NA,0.0202626537943246,0.475395499966441,0.114553846032366,0.37037037037037,0.313186813186813,55.3333333333333
2025,1,"CAR",1,60,36,24,0.6,4.26666666666667,3.94444444444444,4.75,-0.256379708421118,-0.427852488092826,0.000829461086444402,0.35,0.05,0.383333333333333,0.0277777777777778,3,0.05,1,15,8,0.533333333333333,4,0,0,9,-0.500735223293304,60,NA,NA,NA,NA,NA,NA,NA
2025,2,"CAR",1,77,57,20,0.74025974025974,4.58441558441558,5.31578947368421,2.5,0.00313935622863502,0.0859708394333437,-0.232930370904785,0.467532467532468,0.0649350649350649,0.376623376623377,0.0526315789473684,2,0.025974025974026,4,15,5,0.333333333333333,20,3,0.15,11,-0.455734056666684,77,NA,NA,NA,NA,NA,NA,NA
2025,3,"CAR",1,53,25,28,0.471698113207547,4.20754716981132,4.56,3.89285714285714,0.00789318307521337,-0.0993517979446123,0.103647630414343,0.490566037735849,0.0377358490566038,0.245283018867925,0.04,0,0,2,11,3,0.272727272727273,13,2,0.153846153846154,2,-0.350349471205845,53,NA,-0.0817823897057565,0.436032835089439,0.0508903046638896,0.37979797979798,0.101282051282051,63.3333333333333
2025,4,"CAR",1,65,37,28,0.569230769230769,5.01538461538462,5.32432432432432,4.60714285714286,-0.0243401050376954,0.0264152137825232,-0.0914096334786986,0.492307692307692,0.0923076923076923,0.323076923076923,0.027027027027027,0,0,2,14,5,0.357142857142857,5,2,0.4,7,0.392489341145847,65,NA,-0.00443585524461568,0.483468732525336,0.0649928687664537,0.321067821067821,0.234615384615385,65
2025,5,"CAR",1,60,32,28,0.533333333333333,6.73333333333333,5.59375,8.03571428571429,0.136640719806523,-0.0331008030652446,0.330631031659972,0.45,0.15,0.25,0.09375,2,0.0333333333333333,3,11,5,0.454545454545455,11,3,0.272727272727273,11,0.296256851955605,60,NA,0.0400645992813471,0.47762457668118,0.093347847121432,0.361471861471861,0.275524475524476,59.3333333333333
2025,6,"CAR",1,61,25,36,0.409836065573771,6.77049180327869,7.76,6.08333333333333,0.282718423503993,0.382613677721147,0.213346719186524,0.590163934426229,0.147540983606557,0.163934426229508,0.04,0,0,3,8,3,0.375,8,2,0.25,8,-0.0839975835518195,61,NA,0.131673012757607,0.510823875577974,0.129949558638083,0.395562770562771,0.307575757575758,62
2025,1,"CHI",1,61,36,25,0.590163934426229,4.98360655737705,5.5,4.24,-0.0723649844862529,-0.147054470331021,0.0351878751302138,0.377049180327869,0.0983606557377049,0.360655737704918,0.0555555555555556,1,0.0163934426229508,2,12,3,0.25,4,2,0.5,5,0.0272568899606854,61,NA,NA,NA,NA,NA,NA,NA
2025,2,"CHI",1,64,37,27,0.578125,5.296875,5.54054054054054,4.96296296296296,-0.16596288634355,-0.00187061605990764,-0.39083007154706,0.359375,0.140625,0.328125,0.108108108108108,2,0.03125,3,13,7,0.538461538461538,7,2,0.285714285714286,4,-0.356716709015018,64,NA,NA,NA,NA,NA,NA,NA
2025,3,"CHI",1,54,28,26,0.518518518518518,7.11111111111111,10.6428571428571,3.30769230769231,0.291846800008811,0.642127668879403,-0.0853787510825966,0.481481481481481,0.12962962962963,0.296296296296296,0,0,0,4,14,8,0.571428571428571,11,2,0.181818181818182,6,0.965643725551975,54,NA,0.0178396430596692,0.40596855393645,0.122871761789112,0.453296703296703,0.322510822510822,59.6666666666667
2025,4,"CHI",1,62,38,24,0.612903225806452,4.29032258064516,5.23684210526316,2.79166666666667,-0.100534697525103,-0.0191799187389451,-0.229346430603185,0.435483870967742,0.0645161290322581,0.435483870967742,0.0263157894736842,1,0.0161290322580645,2,16,7,0.4375,17,1,0.0588235294117647,9,0.202597741061045,62,NA,0.00844973871338597,0.425446784149741,0.111590252887296,0.515796703296703,0.175451998981411,60
2025,6,"CHI",1,59,33,26,0.559322033898305,6.49152542372881,7.15151515151515,5.65384615384615,0.165527260674516,0.0992670944965919,0.24962670236188,0.525423728813559,0.152542372881356,0.338983050847458,0.0909090909090909,0,0,2,10,3,0.3,7,1,0.142857142857143,8,0.0402192579349503,59,NA,0.118946454386075,0.480796360420928,0.115562710514415,0.436309523809524,0.127832951362363,58.3333333333333
2025,1,"CIN",1,49,26,23,0.530612244897959,2.87755102040816,3.65384615384615,2,-0.108868147709173,-0.0127535668164835,-0.217519413066127,0.408163265306122,0.0204081632653061,0.36734693877551,0.115384615384615,0,0,2,14,7,0.5,8,2,0.25,5,-0.622500726435101,49,NA,NA,NA,NA,NA,NA,NA
2025,2,"CIN",1,65,48,17,0.738461538461539,5.38461538461539,6.29166666666667,2.82352941176471,-0.00716599251961108,-0.0380878726699892,0.0801428455520449,0.430769230769231,0.0769230769230769,0.369230769230769,0.0625,3,0.0461538461538462,4,14,6,0.428571428571429,12,3,0.25,13,0.187390616750166,65,NA,NA,NA,NA,NA,NA,NA
2025,3,"CIN",1,51,30,21,0.588235294117647,3.05882352941176,3.43333333333333,2.52380952380952,-0.857977782002047,-1.22076952818947,-0.339703858877155,0.274509803921569,0.0392156862745098,0.352941176470588,0.133333333333333,5,0.0980392156862745,3,10,2,0.2,2,1,0.5,4,-4.14111007787869,51,NA,-0.324670640743611,0.371147433332307,0.0455156421542976,0.376190476190476,0.333333333333333,55
2025,4,"CIN",1,42,28,14,0.666666666666667,3.80952380952381,3.78571428571429,3.85714285714286,-0.256364863590504,-0.369809914278599,-0.0294747622143145,0.357142857142857,0.0238095238095238,0.380952380952381,0.107142857142857,0,0,0,11,2,0.181818181818182,3,0,0,3,-0.338999334955588,42,NA,-0.373836212704054,0.354140630611219,0.0466494290023702,0.27012987012987,0.25,52.6666666666667
2025,5,"CIN",1,57,41,16,0.719298245614035,5.45614035087719,5.51219512195122,5.3125,-0.149252425202492,-0.251449678547914,0.112628036495153,0.403508771929825,0.12280701754386,0.368421052631579,0.0487804878048781,3,0.0526315789473684,3,11,4,0.363636363636364,5,2,0.4,7,-0.056931160742058,57,NA,-0.421198356931681,0.345053810998083,0.0619440758759644,0.248484848484849,0.3,50
2025,6,"CIN",1,61,45,16,0.737704918032787,4.42622950819672,4.77777777777778,3.4375,0.0929051832784652,0.144570480326675,-0.0524034646696236,0.491803278688525,0.0163934426229508,0.344262295081967,0.0222222222222222,0,0,2,14,6,0.428571428571429,10,2,0.2,11,0.0557062688681907,61,NA,-0.104237368504844,0.417484969253735,0.0543366613254448,0.324675324675325,0.2,53.3333333333333
2025,7,"CIN",1,69,49,20,0.710144927536232,6.97101449275362,6.69387755102041,7.65,0.329444764881155,0.309062419556418,0.37938151092676,0.507246376811594,0.115942028985507,0.289855072463768,0.0408163265306122,0,0,3,13,7,0.538461538461538,15,2,0.133333333333333,8,0.472761368276725,69,NA,0.0910325076523759,0.467519475809981,0.0850474963841059,0.443556443556444,0.244444444444444,62.3333333333333
2025,1,"CLE",1,70,46,24,0.657142857142857,4.5,5.78260869565217,2.04166666666667,-0.0762697131157449,-0.077079472657262,-0.0747176739945038,0.385714285714286,0.0428571428571429,0.342857142857143,0.0434782608695652,2,0.0285714285714286,2,16,9,0.5625,11,2,0.181818181818182,9,-0.487952347619566,70,NA,NA,NA,NA,NA,NA,NA
2025,2,"CLE",1,72,50,22,0.694444444444444,4.47222222222222,4.14,5.22727272727273,-0.262947041339877,-0.466330378090268,0.19928781491101,0.375,0.0555555555555556,0.388888888888889,0.04,2,0.0277777777777778,3,18,7,0.388888888888889,3,2,0.666666666666667,8,0.329118755909419,72,NA,NA,NA,NA,NA,NA,NA
2025,3,"CLE",1,56,37,19,0.660714285714286,3.94642857142857,3.37837837837838,5.05263157894737,-0.151620707016232,-0.247962234313221,0.0359917408779055,0.285714285714286,0.0357142857142857,0.339285714285714,0.0540540540540541,1,0.0178571428571429,1,13,4,0.307692307692308,8,1,0.125,11,0.03595338789852,56,NA,-0.163612487157285,0.348809523809524,0.0447089947089947,0.419693732193732,0.324494949494949,66
2025,4,"CLE",1,64,38,26,0.59375,3.90625,4.47368421052632,3.07692307692308,-0.363042712929736,-0.55685010376495,-0.0797857570936545,0.28125,0.0625,0.453125,0.0789473684210526,3,0.046875,1,14,3,0.214285714285714,10,1,0.1,2,-0.233805791882332,64,NA,-0.259203487095282,0.313988095238095,0.0512566137566138,0.303622303622304,0.297222222222222,64
2025,5,"CLE",1,65,34,31,0.523076923076923,4.93846153846154,5.35294117647059,4.48387096774194,0.00736937651661165,-0.0652290300349757,0.0869934353151268,0.4,0.107692307692308,0.369230769230769,0.0588235294117647,0,0,2,15,3,0.2,16,2,0.125,13,0.213037300084775,65,NA,-0.169098014476452,0.322321428571429,0.0686355311355311,0.240659340659341,0.116666666666667,61.6666666666667
2025,6,"CLE",1,73,57,16,0.780821917808219,3.17808219178082,2.96491228070175,3.9375,-0.207016911071747,-0.294901071768306,0.106070411409746,0.356164383561644,0.0273972602739726,0.452054794520548,0.105263157894737,0,0,0,16,6,0.375,12,0,0,16,-0.141508789942624,73,NA,-0.18756341582829,0.345804794520548,0.0658631893220934,0.263095238095238,0.075,67.3333333333333
2025,1,"DAL",1,52,32,20,0.615384615384615,5.75,5.71875,5.8,0.024170916742228,0.00870911385903902,0.0489098013553303,0.442307692307692,0.0769230769230769,0.307692307692308,0,1,0.0192307692307692,2,11,7,0.636363636363636,5,2,0.4,5,-0.473232477123383,52,NA,NA,NA,NA,NA,NA,NA
2025,2,"DAL",1,80,52,28,0.65,5.5375,5.92307692307692,4.82142857142857,0.0529249215417083,0.0622245826255817,0.0356541223859434,0.4375,0.075,0.325,0.0576923076923077,1,0.0125,4,14,6,0.428571428571429,9,3,0.333333333333333,21,0.297579542848225,80,NA,NA,NA,NA,NA,NA,NA
2025,3,"DAL",1,68,48,20,0.705882352941177,5.85294117647059,5.77083333333333,6.05,-0.0395221512504256,-0.0546372002814982,-0.00324603357585147,0.485294117647059,0.0735294117647059,0.191176470588235,0.0416666666666667,4,0.0588235294117647,1,11,3,0.272727272727273,14,1,0.0714285714285714,5,-0.838790236087516,68,NA,0.0125245623445036,0.455033936651584,0.0751508295625943,0.445887445887446,0.268253968253968,66.6666666666667
2025,4,"DAL",1,66,40,26,0.606060606060606,6.56060606060606,7.9,4.5,0.330915962117946,0.507023529809567,0.0599812425923749,0.545454545454545,0.106060606060606,0.196969696969697,0.025,0,0,5,10,4,0.4,11,4,0.363636363636364,10,1.32016717820079,66,NA,0.114772910803076,0.489416221033868,0.084863339275104,0.367099567099567,0.256132756132756,71.3333333333333
2025,5,"DAL",1,54,29,25,0.537037037037037,7.44444444444444,8.10344827586207,6.68,0.329754552120905,0.358486618286347,0.296425355368992,0.462962962962963,0.12962962962963,0.314814814814815,0.0344827586206897,0,0,4,12,6,0.5,8,2,0.25,7,1.6731515262384,54,NA,0.207049454329475,0.497903875354856,0.103073215818314,0.390909090909091,0.228354978354978,62.6666666666667
2025,6,"DAL",1,52,34,18,0.653846153846154,5.63461538461539,7.67647058823529,1.77777777777778,0.179611804286581,0.521922016802871,-0.466974152688636,0.403846153846154,0.0576923076923077,0.346153846153846,0,0,0,3,12,5,0.416666666666667,14,2,0.142857142857143,0,NA,52,NA,0.280094106175144,0.470754554087887,0.0977941811275145,0.438888888888889,0.252164502164502,57.3333333333333
2025,1,"DEN",1,65,37,28,0.569230769230769,4.53846153846154,3.83783783783784,5.46428571428571,-0.236403870157359,-0.346394547020851,-0.0910590471591734,0.369230769230769,0.0769230769230769,0.323076923076923,0.027027027027027,3,0.0461538461538462,2,13,6,0.461538461538462,6,1,0.166666666666667,7,0.0649200443461138,65,NA,NA,NA,NA,NA,NA,NA
2025,2,"DEN",1,53,30,23,0.566037735849057,5.67924528301887,6.86666666666667,4.1304347826087,0.174417486489375,0.278178116330616,0.0390775345225373,0.452830188679245,0.0943396226415094,0.283018867924528,0,1,0.0188679245283019,4,9,4,0.444444444444444,9,3,0.333333333333333,3,-0.420827219146304,53,NA,NA,NA,NA,NA,NA,NA
2025,3,"DEN",1,46,26,20,0.565217391304348,5.30434782608696,4.80769230769231,5.95,-0.126958681323438,-0.199787872583416,-0.0322807326854672,0.260869565217391,0.108695652173913,0.41304347826087,0.0769230769230769,0,0,2,13,2,0.153846153846154,4,1,0.25,8,0.623452725063544,46,NA,-0.0629816883304743,0.360976841042469,0.0933194505794998,0.353276353276353,0.25,54.6666666666667
2025,4,"DEN",1,74,42,32,0.567567567567568,6.85135135135135,7.76190476190476,5.65625,0.239616195995335,0.316185623763539,0.139118822049568,0.513513513513513,0.135135135135135,0.216216216216216,0,1,0.0135135135135135,4,13,8,0.615384615384615,14,4,0.285714285714286,9,0.70572190421323,74,NA,0.0956916670537572,0.409071089136717,0.112723469983519,0.404558404558405,0.28968253968254,57.6666666666667
2025,5,"DEN",1,69,40,29,0.579710144927536,5.20289855072464,5.725,4.48275862068965,0.083089097939985,0.122420287488872,0.0288391813208301,0.492753623188406,0.0869565217391304,0.289855072463768,0.05,0,0,2,15,5,0.333333333333333,8,2,0.25,7,-0.401822057594213,69,NA,0.0652488708706273,0.42237890063977,0.110262436349393,0.367521367521368,0.261904761904762,63
2025,6,"DEN",1,55,31,24,0.563636363636364,4.50909090909091,5.41935483870968,3.33333333333333,-0.0856510583049511,0.00898227732083693,-0.207885783488261,0.345454545454545,0.0363636363636364,0.363636363636364,0.032258064516129,1,0.0181818181818182,1,15,5,0.333333333333333,5,1,0.2,0,NA,55,NA,0.0790180785434564,0.450573894052155,0.086151764412634,0.427350427350427,0.245238095238095,66
2025,1,"DET",1,63,42,21,0.666666666666667,3.85714285714286,4.66666666666667,2.23809523809524,-0.0935414594058376,-0.0126894226469344,-0.255245532923644,0.412698412698413,0.0317460317460317,0.317460317460317,0.0952380952380952,1,0.0158730158730159,1,15,5,0.333333333333333,13,1,0.0769230769230769,9,-0.1225513247385,63,NA,NA,NA,NA,NA,NA,NA
2025,2,"DET",1,58,28,30,0.482758620689655,8.81034482758621,11.9285714285714,5.9,0.409490237906714,0.860836439431642,-0.0117662168498861,0.551724137931034,0.172413793103448,0.172413793103448,0,0,0,7,10,4,0.4,16,6,0.375,8,0.753512141949614,58,NA,NA,NA,NA,NA,NA,NA
2025,3,"DET",1,64,28,36,0.4375,6.1875,7.21428571428571,5.38888888888889,0.338273316107837,0.508923798444892,0.205545163179017,0.578125,0.078125,0.234375,0,0,0,4,14,7,0.5,17,4,0.235294117647059,7,0.317325116518103,64,NA,0.218074031536238,0.514182516876482,0.0940949416164933,0.411111111111111,0.229072398190045,61.6666666666667
2025,4,"DET",1,52,27,25,0.519230769230769,5.03846153846154,6.22222222222222,3.76,-0.150018478309198,-0.0378559017237183,-0.271154061021516,0.384615384615385,0.0961538461538462,0.346153846153846,0,1,0.0192307692307692,3,14,6,0.428571428571429,9,3,0.333333333333333,5,0.13350646127917,52,NA,0.199248358568451,0.504821507515473,0.115564213085765,0.442857142857143,0.314542483660131,58
2025,5,"DET",1,57,28,29,0.491228070175439,6.3859649122807,8.82142857142857,4.03448275862069,0.229853172576169,0.46474630837994,0.00305980007597727,0.526315789473684,0.087719298245614,0.210526315789474,0.142857142857143,1,0.0175438596491228,5,7,2,0.285714285714286,14,5,0.357142857142857,0,NA,57,NA,0.139369336791603,0.49635205802969,0.0873327147998201,0.404761904761905,0.30859010270775,57.6666666666667
2025,6,"DET",1,53,30,23,0.566037735849057,5.60377358490566,6.63333333333333,4.26086956521739,0.112325160200752,0.223771712703941,-0.0330399082816692,0.528301886792453,0.0943396226415094,0.169811320754717,0.0333333333333333,0,0,2,11,5,0.454545454545455,7,1,0.142857142857143,3,-0.141365885773363,53,NA,0.0640532848225743,0.479744353627174,0.0927375890136565,0.38961038961039,0.277777777777778,54
2025,1,"GB",1,44,22,22,0.5,5.97727272727273,8.54545454545454,3.40909090909091,0.200990506103204,0.457513375092303,-0.0555323628858954,0.431818181818182,0.113636363636364,0.25,0,0,0,3,10,4,0.4,13,3,0.230769230769231,3,-0.103945721794541,44,NA,NA,NA,NA,NA,NA,NA
2025,2,"GB",1,61,33,28,0.540983606557377,6.65573770491803,8.15151515151515,4.89285714285714,0.161024007124766,0.201890309392416,0.112860150880751,0.508196721311475,0.0983606557377049,0.245901639344262,0.0606060606060606,0,0,3,12,5,0.416666666666667,13,3,0.230769230769231,2,0.740164913938451,61,NA,NA,NA,NA,NA,NA,NA
2025,3,"GB",1,59,29,30,0.491525423728814,3.86440677966102,5.03448275862069,2.73333333333333,-0.0781918559753645,-0.0280499208284626,-0.126662393284036,0.372881355932203,0.0508474576271186,0.305084745762712,0.172413793103448,1,0.0169491525423729,1,18,10,0.555555555555556,6,1,0.166666666666667,3,-0.265901018953944,59,NA,0.0946075524175353,0.437632086353954,0.0876148256670624,0.457407407407407,0.209401709401709,54.6666666666667
2025,4,"GB",1,75,43,32,0.573333333333333,6.26666666666667,7.72093023255814,4.3125,0.316426580619641,0.473505151483722,0.105352251021031,0.546666666666667,0.106666666666667,0.253333333333333,0.0232558139534884,1,0.0133333333333333,5,13,9,0.692307692307692,18,5,0.277777777777778,19,0.0803722453586687,75,NA,0.133086243923014,0.475914914636782,0.0852915933438301,0.554843304843305,0.225071225071225,65
2025,6,"GB",1,59,27,32,0.457627118644068,6.93220338983051,9.48148148148148,4.78125,0.208029896680662,0.272448597907226,0.153676617520749,0.576271186440678,0.169491525423729,0.220338983050847,0.037037037037037,1,0.0169491525423729,3,11,5,0.454545454545455,6,3,0.5,4,-0.712523784989323,59,NA,0.14875487377498,0.498606403013183,0.109001883239171,0.567469567469567,0.314814814814815,64.3333333333333
2025,1,"HOU",1,56,30,26,0.535714285714286,4.64285714285714,5.03333333333333,4.19230769230769,-0.158999286285687,-0.286607832490679,-0.011758656049157,0.357142857142857,0.0892857142857143,0.232142857142857,0.1,2,0.0357142857142857,0,9,2,0.222222222222222,4,0,0,6,-0.38264895239562,56,NA,NA,NA,NA,NA,NA,NA
2025,2,"HOU",1,45,28,17,0.622222222222222,5.86666666666667,6.5,4.82352941176471,-0.0758094959766667,-0.16005295059021,0.0629444292691701,0.377777777777778,0.155555555555556,0.444444444444444,0.107142857142857,0,0,2,9,2,0.222222222222222,8,0,0,4,-0.333290713344468,45,NA,NA,NA,NA,NA,NA,NA
2025,3,"HOU",1,55,38,17,0.690909090909091,4.58181818181818,4.36842105263158,5.05882352941176,-0.256140440431268,-0.317870619058518,-0.118155335264472,0.309090909090909,0.0363636363636364,0.327272727272727,0.0526315789473684,3,0.0545454545454545,1,14,3,0.214285714285714,3,0,0,11,-0.169783056523143,55,NA,-0.163649740897874,0.348003848003848,0.0937349687349687,0.21957671957672,0,52
2025,4,"HOU",1,66,31,35,0.46969696969697,5.34848484848485,7.2258064516129,3.68571428571429,0.149970437206351,0.264885497822383,0.0481885263750086,0.409090909090909,0.106060606060606,0.227272727272727,0.0645161290322581,0,0,3,15,6,0.4,3,2,0.666666666666667,1,-1.40074841643218,66,NA,-0.0606598330671944,0.365319865319865,0.0993265993265993,0.278835978835979,0.222222222222222,55.3333333333333
2025,5,"HOU",1,60,32,28,0.533333333333333,5.9,6.34375,5.39285714285714,0.325243124661281,0.472889450218219,0.156504466881922,0.583333333333333,0.0833333333333333,0.183333333333333,0.0625,0,0,5,11,6,0.545454545454545,12,4,0.333333333333333,5,0.77674564034678,60,NA,0.0730243738121214,0.433838383838384,0.0752525252525253,0.386580086580087,0.333333333333333,60.3333333333333
2025,1,"IND",1,69,30,39,0.434782608695652,5.89855072463768,8.73333333333333,3.71794871794872,0.25046856612633,0.433257111702766,0.109861992605995,0.521739130434783,0.130434782608696,0.217391304347826,0.0333333333333333,0,0,3,15,7,0.466666666666667,19,2,0.105263157894737,4,0.275285628897472,69,NA,NA,NA,NA,NA,NA,NA
2025,2,"IND",1,65,34,31,0.523076923076923,7.09230769230769,8.70588235294118,5.32258064516129,0.123371020905888,0.27618994611219,-0.0442368325461849,0.476923076923077,0.0923076923076923,0.261538461538462,0.0294117647058824,0,0,2,13,6,0.461538461538462,18,2,0.111111111111111,11,0.430473715569612,65,NA,NA,NA,NA,NA,NA,NA
2025,3,"IND",1,50,25,25,0.5,7.36,9.12,5.6,0.393653153349206,0.432745605889447,0.354560700808966,0.56,0.1,0.16,0,0,0,4,7,2,0.285714285714286,7,3,0.428571428571429,4,0.231238442681502,50,NA,0.255830913460475,0.519554069119286,0.107580824972129,0.404639804639805,0.214981899192425,61.3333333333333
2025,4,"IND",1,53,34,19,0.641509433962264,5.88679245283019,6.79411764705882,4.26315789473684,-0.122788624467033,-0.161162445274053,-0.0541196819702612,0.452830188679245,0.0943396226415094,0.30188679245283,0.0588235294117647,3,0.0566037735849057,2,12,4,0.333333333333333,5,2,0.4,4,-0.63295266770001,53,NA,0.131411849929354,0.496584421867441,0.0955491049830672,0.36019536019536,0.313227513227513,56
2025,5,"IND",1,61,35,26,0.573770491803279,5.22950819672131,6.31428571428571,3.76923076923077,0.2768333146738,0.305217039953911,0.238624453719804,0.508196721311475,0.0655737704918033,0.262295081967213,0,0,0,6,10,8,0.8,22,6,0.272727272727273,11,0.253967836058699,61,NA,0.182565947851991,0.507008969996907,0.0866377977111042,0.473015873015873,0.367099567099567,54.6666666666667
2025,6,"IND",1,56,31,25,0.553571428571429,6.375,6.61290322580645,6.08,0.149323539894745,0.091878162157274,0.220555808289209,0.535714285714286,0.142857142857143,0.232142857142857,0.032258064516129,1,0.0178571428571429,4,8,4,0.5,13,4,0.307692307692308,8,-0.123143383170827,56,NA,0.101122743367171,0.498913731901669,0.100923511996819,0.544444444444445,0.326806526806527,56.6666666666667
2025,1,"JAX",1,58,29,29,0.5,6.51724137931035,6.13793103448276,6.89655172413793,0.206104288636796,0.110282555631729,0.301926021641864,0.5,0.120689655172414,0.241379310344828,0,1,0.0172413793103448,2,12,5,0.416666666666667,11,2,0.181818181818182,6,0.704499654334728,58,NA,NA,NA,NA,NA,NA,NA
2025,2,"JAX",1,68,42,26,0.617647058823529,5.80882352941176,6.16666666666667,5.23076923076923,0.0944758392265685,0.09278965024659,0.0971996829634568,0.5,0.0588235294117647,0.294117647058824,0.0238095238095238,2,0.0294117647058824,3,12,6,0.5,18,3,0.166666666666667,4,-0.232656972868426,68,NA,NA,NA,NA,NA,NA,NA
2025,3,"JAX",1,65,42,23,0.646153846153846,4.49230769230769,4.88095238095238,3.78260869565217,-0.163264141246134,-0.227295375923185,-0.0463375387923877,0.369230769230769,0.0615384615384615,0.4,0.0476190476190476,1,0.0153846153846154,2,15,4,0.266666666666667,6,2,0.333333333333333,7,0.683034538249818,65,NA,0.045771995539077,0.456410256410256,0.0803505487075467,0.394444444444444,0.227272727272727,63.6666666666667
2025,4,"JAX",1,58,30,28,0.517241379310345,5.48275862068965,5.56666666666667,5.39285714285714,0.0700353120803944,0.13672575986615,-0.00141873911862993,0.46551724137931,0.0862068965517241,0.293103448275862,0,0,0,2,12,4,0.333333333333333,5,1,0.2,3,0.152182676111503,58,NA,0.000415670020276325,0.444916003536693,0.0688562958339835,0.366666666666667,0.233333333333333,63.6666666666667
2025,5,"JAX",1,52,28,24,0.538461538461538,6.03846153846154,7.5,4.33333333333333,0.0416369823101597,-0.0265683713444671,0.121209894907224,0.480769230769231,0.134615384615385,0.269230769230769,0.107142857142857,2,0.0384615384615385,3,9,5,0.555555555555556,14,3,0.214285714285714,10,0.345695135564893,52,NA,-0.0171972822851933,0.438505747126437,0.0941202475685234,0.385185185185185,0.249206349206349,58.3333333333333
2025,6,"JAX",1,67,48,19,0.716417910447761,3.83582089552239,4.10416666666667,3.15789473684211,-0.0637994244001146,-0.0661632392835834,-0.0578276815366147,0.373134328358209,0.0447761194029851,0.402985074626866,0.145833333333333,0,0,2,15,3,0.2,1,0,0,4,0.0428649647551456,67,NA,0.0159576233301465,0.43980693350225,0.0885328001900313,0.362962962962963,0.138095238095238,59
2025,1,"KC",1,57,41,16,0.719298245614035,6.05263157894737,6.07317073170732,6,0.202887476518004,0.0872531926286617,0.499200328984443,0.456140350877193,0.140350877192982,0.350877192982456,0.0487804878048781,0,0,2,13,4,0.307692307692308,9,1,0.111111111111111,3,0.846241626887165,57,NA,NA,NA,NA,NA,NA,NA
2025,2,"KC",1,57,31,26,0.543859649122807,5.15789473684211,5.58064516129032,4.65384615384615,-0.135294011336303,-0.23076017455879,-0.0214689705710296,0.403508771929825,0.12280701754386,0.350877192982456,0.0645161290322581,1,0.0175438596491228,2,12,4,0.333333333333333,7,1,0.142857142857143,0,NA,57,NA,NA,NA,NA,NA,NA,NA
2025,3,"KC",1,63,39,24,0.619047619047619,4.88888888888889,5.15384615384615,4.45833333333333,0.1437034521512,0.211046336171775,0.0342712656177658,0.492063492063492,0.0793650793650794,0.349206349206349,0.0512820512820513,0,0,1,14,8,0.571428571428571,6,1,0.166666666666667,9,-0.149692158437214,63,NA,0.0704323057776337,0.450570871623503,0.11417432470064,0.404151404151404,0.14021164021164,59
2025,4,"KC",1,66,38,28,0.575757575757576,5.75757575757576,6.94736842105263,4.14285714285714,0.264348588040379,0.426025220239814,0.0449303014840033,0.454545454545455,0.0606060606060606,0.242424242424242,0.0263157894736842,0,0,4,14,5,0.357142857142857,19,4,0.210526315789474,9,0.195445215942439,66,NA,0.0909193429517587,0.450039239512924,0.0875927191716665,0.420634920634921,0.173350041771094,62
2025,5,"KC",1,61,41,20,0.672131147540984,7.77049180327869,7.75609756097561,7.8,0.236831848863627,0.0649833461985265,0.589121279327082,0.672131147540984,0.147540983606557,0.245901639344262,0,1,0.0163934426229508,5,9,5,0.555555555555556,13,5,0.384615384615385,9,0.312896726264929,61,NA,0.214961296351735,0.53958003138331,0.0958373745258991,0.494708994708995,0.253936122357175,63.3333333333333
2025,6,"KC",1,58,33,25,0.568965517241379,6.17241379310345,7.36363636363636,4.6,0.267526656533969,0.471896481418404,-0.00224151231348515,0.551724137931034,0.103448275862069,0.206896551724138,0.0909090909090909,0,0,4,9,4,0.444444444444444,16,4,0.25,6,0.450448503625618,58,NA,0.256235697812658,0.559466913339158,0.103865106691562,0.452380952380952,0.281713900134953,61.6666666666667
2025,1,"LA",1,54,31,23,0.574074074074074,5.35185185185185,6.93548387096774,3.21739130434783,-0.0888853070479214,-0.0229383515355538,-0.177770334042852,0.407407407407407,0.0925925925925926,0.314814814814815,0.0967741935483871,1,0.0185185185185185,2,12,6,0.5,8,2,0.25,8,0.641291055639158,54,NA,NA,NA,NA,NA,NA,NA
2025,2,"LA",1,56,34,22,0.607142857142857,7.67857142857143,8.52941176470588,6.36363636363636,0.292728132330437,0.287646193812558,0.300582037312614,0.482142857142857,0.178571428571429,0.25,0.0294117647058824,1,0.0178571428571429,4,11,5,0.454545454545455,16,3,0.1875,1,-2.19707307696808,56,NA,NA,NA,NA,NA,NA,NA
2025,3,"LA",1,63,33,30,0.523809523809524,5.3015873015873,5.33333333333333,5.26666666666667,-0.0231756435721213,-0.0869447789441228,0.0469704053370804,0.492063492063492,0.111111111111111,0.317460317460317,0.0303030303030303,1,0.0158730158730159,2,10,3,0.3,8,1,0.125,13,0.079782143460203,63,NA,0.0602223939034647,0.460537918871252,0.127425044091711,0.418181818181818,0.1875,57.6666666666667
2025,4,"LA",1,66,43,23,0.651515151515151,7,8.37209302325581,4.43478260869565,0.0754038884995359,0.336053583093341,-0.411897714436709,0.53030303030303,0.121212121212121,0.318181818181818,0.0697674418604651,1,0.0151515151515152,3,12,4,0.333333333333333,4,2,0.5,14,1.00098267797564,66,NA,0.11498545908595,0.501503126503126,0.136964886964887,0.362626262626263,0.270833333333333,61.6666666666667
2025,5,"LA",1,62,47,15,0.758064516129032,7.29032258064516,8.04255319148936,4.93333333333333,0.0559912671422207,0.327250581853781,-0.793954585620668,0.548387096774194,0.145161290322581,0.306451612903226,0.0212765957446809,2,0.032258064516129,3,10,4,0.4,12,3,0.25,7,-0.512286425795043,62,NA,0.0360731706898784,0.523584539713572,0.125828174215271,0.344444444444444,0.291666666666667,63.6666666666667
2025,6,"LA",1,49,28,21,0.571428571428571,4.95918367346939,5.96428571428571,3.61904761904762,-0.0331867793169627,0.0342658990663952,-0.123123683828107,0.469387755102041,0.122448979591837,0.326530612244898,0.0714285714285714,1,0.0204081632653061,2,10,4,0.4,11,2,0.181818181818182,0,NA,49,NA,0.032736125441598,0.516025960726421,0.129607463708846,0.377777777777778,0.310606060606061,59
2025,1,"LAC",1,56,34,22,0.607142857142857,6.01785714285714,7.14705882352941,4.27272727272727,0.222616034973164,0.327926681131569,0.0598632181829007,0.553571428571429,0.0714285714285714,0.303571428571429,0.0882352941176471,0,0,1,11,6,0.545454545454545,7,1,0.142857142857143,6,-0.0829660965542943,56,NA,NA,NA,NA,NA,NA,NA
2025,2,"LAC",1,51,29,22,0.568627450980392,5.94117647058824,8.13793103448276,3.04545454545455,-0.102254965140484,0.350625014216962,-0.699233119748027,0.411764705882353,0.0980392156862745,0.352941176470588,0.0689655172413793,1,0.0196078431372549,2,9,2,0.222222222222222,6,1,0.166666666666667,5,1.09165206755279,51,NA,NA,NA,NA,NA,NA,NA
2025,3,"LAC",1,79,51,28,0.645569620253165,4.62025316455696,5.07843137254902,3.78571428571429,-0.0756317373497136,-0.103496066917704,-0.0248788513508739,0.392405063291139,0.0759493670886076,0.367088607594937,0.0980392156862745,1,0.0126582278481013,2,16,7,0.4375,12,2,0.166666666666667,12,0.119976204616864,79,NA,0.0149097774943219,0.452580399248307,0.0818057180678178,0.401725589225589,0.158730158730159,62
2025,4,"LAC",1,56,42,14,0.75,6.07142857142857,4.42857142857143,11,-0.13750039797248,-0.45956869713319,0.828704499509651,0.410714285714286,0.107142857142857,0.375,0.0476190476190476,2,0.0357142857142857,2,11,4,0.363636363636364,1,0,0,10,0.468697902350686,56,NA,-0.105129033487559,0.404961351629259,0.0937104799725798,0.341119528619529,0.111111111111111,62
2025,5,"LAC",1,63,37,26,0.587301587301587,5.34920634920635,4.89189189189189,6,-0.140444676581602,-0.357778407772452,0.1688379408823,0.396825396825397,0.0952380952380952,0.26984126984127,0.135135135135135,2,0.0317460317460317,1,16,9,0.5625,9,1,0.111111111111111,7,-0.356445602806551,63,NA,-0.117858937301265,0.399981581943607,0.09277677315652,0.454545454545455,0.0925925925925926,66
2025,6,"LAC",1,64,39,25,0.609375,6.296875,6.74358974358974,5.6,0.103991037248707,0.177854124167921,-0.0112353783452666,0.453125,0.125,0.25,0.0256410256410256,1,0.015625,2,15,6,0.4,19,2,0.105263157894737,7,0.0757595378331741,64,NA,-0.0579846791017917,0.420221560846561,0.109126984126984,0.442045454545455,0.0721247563352826,61
2025,1,"LV",1,57,35,22,0.614035087719298,6.42105263157895,8.85714285714286,2.54545454545455,0.123105050013795,0.372145076324349,-0.273094991843906,0.43859649122807,0.175438596491228,0.403508771929825,0.114285714285714,1,0.0175438596491228,2,11,5,0.454545454545455,3,1,0.333333333333333,6,-0.1828380425189,57,NA,NA,NA,NA,NA,NA,NA
2025,2,"LV",1,65,46,19,0.707692307692308,3.35384615384615,3.26086956521739,3.57894736842105,-0.391883261733006,-0.501476698699556,-0.126551782761357,0.307692307692308,0.0923076923076923,0.430769230769231,0.0652173913043478,3,0.0461538461538462,0,18,9,0.5,9,0,0,4,-0.267568996947375,65,NA,NA,NA,NA,NA,NA,NA
2025,3,"LV",1,64,35,29,0.546875,5.5625,7.51428571428571,3.20689655172414,0.0449941284564411,0.349734504758301,-0.322795980873389,0.359375,0.09375,0.375,0.142857142857143,0,0,3,14,3,0.214285714285714,8,2,0.25,7,-0.178464051635404,64,NA,-0.0745946944209233,0.368554599640126,0.120498762932973,0.38961038961039,0.194444444444444,62
2025,4,"LV",1,50,20,30,0.4,7.04,5.85,7.83333333333333,-0.182654464157968,-0.480109176187589,0.0156486771951128,0.54,0.18,0.3,0,4,0.08,3,8,2,0.25,9,2,0.222222222222222,8,-0.0757951626478429,50,NA,-0.176514532478177,0.402355769230769,0.122019230769231,0.321428571428571,0.157407407407407,59.6666666666667
2025,5,"LV",1,63,39,24,0.619047619047619,4.52380952380952,4.71794871794872,4.20833333333333,-0.264383179322792,-0.31195848700319,-0.187073304342145,0.476190476190476,0.0634920634920635,0.317460317460317,0.102564102564103,2,0.0317460317460317,0,13,7,0.538461538461538,14,0,0,6,-0.368750131948426,63,NA,-0.134014505008106,0.458521825396825,0.112414021164021,0.334249084249084,0.157407407407407,59
2025,6,"LV",1,53,25,28,0.471698113207547,4.16981132075472,6.32,2.25,-0.200677994544432,0.0227730551175773,-0.400187860314083,0.39622641509434,0.0566037735849057,0.377358490566038,0.08,1,0.0188679245283019,2,13,6,0.461538461538462,13,2,0.153846153846154,0,NA,53,NA,-0.215905212675064,0.470805630428272,0.100031945692323,0.416666666666667,0.125356125356125,55.3333333333333
2025,1,"MIA",1,46,34,12,0.739130434782609,4.6304347826087,3.97058823529412,6.5,-0.20138605435552,-0.392223427305423,0.339319835669206,0.434782608695652,0.0652173913043478,0.369565217391304,0.0882352941176471,2,0.0434782608695652,1,9,5,0.555555555555556,5,1,0.2,8,-0.236846453364706,46,NA,NA,NA,NA,NA,NA,NA
2025,2,"MIA",1,52,37,15,0.711538461538462,6.88461538461539,8.02702702702703,4.06666666666667,0.169882718400781,0.268435932505324,-0.0732152097237607,0.480769230769231,0.0961538461538462,0.326923076923077,0.135135135135135,1,0.0192307692307692,2,10,4,0.4,2,1,0.5,13,0.431981984449801,52,NA,NA,NA,NA,NA,NA,NA
2025,3,"MIA",1,59,34,25,0.576271186440678,4.67796610169492,4.29411764705882,5.2,0.0535421152017079,0.00433649523149464,0.120461758361198,0.406779661016949,0.0677966101694915,0.288135593220339,0,1,0.0169491525423729,3,15,10,0.666666666666667,10,3,0.3,13,0.29951122460457,59,NA,0.00734625974898968,0.440777166827277,0.0763892825425618,0.540740740740741,0.333333333333333,52.3333333333333
2025,4,"MIA",1,54,25,29,0.462962962962963,5.37037037037037,7.08,3.89655172413793,0.0989457730940508,0.415117755933339,-0.17361628107775,0.388888888888889,0.0925925925925926,0.296296296296296,0,0,0,3,11,4,0.363636363636364,13,3,0.230769230769231,3,-0.569499600077203,54,NA,0.107456868898846,0.425479260225023,0.0855143496386434,0.476767676767677,0.343589743589744,55
2025,5,"MIA",1,53,39,14,0.735849056603774,4.67924528301887,5.87179487179487,1.35714285714286,0.095273431587789,0.294492084423451,-0.459692815597269,0.358490566037736,0.0566037735849057,0.39622641509434,0.0769230769230769,0,0,3,13,5,0.384615384615385,10,2,0.2,4,-0.766163787891855,53,NA,0.0825871066278492,0.384719705314525,0.0723309921156633,0.471639471639472,0.243589743589744,55.3333333333333
2025,6,"MIA",1,54,34,20,0.62962962962963,6.11111111111111,5.82352941176471,6.6,0.0236000294091087,-0.0690793802045789,0.181155025752378,0.425925925925926,0.0925925925925926,0.333333333333333,0.0588235294117647,3,0.0555555555555556,3,10,4,0.4,6,2,0.333333333333333,14,0.505143266349452,54,NA,0.0726064113636495,0.391101793617517,0.0805963195900303,0.382750582750583,0.254700854700855,53.6666666666667
2025,1,"MIN",1,51,25,26,0.490196078431373,5.01960784313725,5.44,4.61538461538461,-0.176886315133175,-0.39265163595978,0.0305803395077909,0.411764705882353,0.117647058823529,0.313725490196078,0.12,1,0.0196078431372549,4,12,3,0.25,9,2,0.222222222222222,4,0.0392834773803111,51,NA,NA,NA,NA,NA,NA,NA
2025,2,"MIN",1,46,27,19,0.58695652173913,4.30434782608696,4.44444444444444,4.10526315789474,-0.450224687012216,-0.6654280477944,-0.14440938484806,0.41304347826087,0.0652173913043478,0.41304347826087,0.222222222222222,3,0.0652173913043478,0,11,4,0.363636363636364,4,0,0,2,0.938308131279453,46,NA,NA,NA,NA,NA,NA,NA
2025,3,"MIN",1,52,25,27,0.480769230769231,6.13461538461539,6.48,5.81481481481481,0.18105909648897,0.2315871752384,0.134273838387647,0.538461538461538,0.134615384615385,0.230769230769231,0.12,0,0,4,11,4,0.363636363636364,11,4,0.363636363636364,6,0.809416556686303,52,NA,-0.14868396855214,0.454423240868254,0.105826611581087,0.325757575757576,0.195286195286195,49.6666666666667
2025,4,"MIN",1,70,50,20,0.714285714285714,5.2,5.88,3.5,0.0371201825789446,0.0531569756043289,-0.00297179998451611,0.442857142857143,0.0714285714285714,0.385714285714286,0.12,2,0.0285714285714286,2,13,4,0.307692307692308,13,2,0.153846153846154,11,-0.0164029528836677,70,NA,-0.0773484693147671,0.464787386526517,0.0904204491161013,0.344988344988345,0.172494172494173,56
2025,5,"MIN",1,58,38,20,0.655172413793103,6.05172413793103,6.63157894736842,4.95,0.130434715945429,0.314729499542845,-0.219725372889661,0.5,0.120689655172414,0.258620689655172,0.0789473684210526,1,0.0172413793103448,3,9,3,0.333333333333333,6,2,0.333333333333333,7,0.807639372302219,58,NA,0.116204665004448,0.493772893772894,0.10891120373879,0.334887334887335,0.283605283605284,60
2025,1,"NE",1,68,50,18,0.735294117647059,4.94117647058824,5.52,3.33333333333333,-0.0660757663609487,-0.00651264885827895,-0.231528870535031,0.411764705882353,0.0588235294117647,0.382352941176471,0.08,1,0.0147058823529412,1,14,4,0.285714285714286,6,1,0.166666666666667,12,0.0550354645817403,68,NA,NA,NA,NA,NA,NA,NA
2025,2,"NE",1,53,26,27,0.490566037735849,6.37735849056604,8.11538461538461,4.7037037037037,0.343923120322916,0.576557698005411,0.119904638110143,0.509433962264151,0.0943396226415094,0.188679245283019,0.115384615384615,0,0,3,12,7,0.583333333333333,11,3,0.272727272727273,2,-0.426760586124146,53,NA,NA,NA,NA,NA,NA,NA
2025,3,"NE",1,70,42,28,0.6,5.24285714285714,5.95238095238095,4.17857142857143,-0.194106627493914,0.0336409284049989,-0.535727961342283,0.457142857142857,0.0857142857142857,0.242857142857143,0.119047619047619,5,0.0714285714285714,2,13,6,0.461538461538462,7,2,0.285714285714286,13,-0.363257758415644,70,NA,0.0279135754893511,0.459447175096454,0.0796258125891866,0.443528693528694,0.241702741702742,63.6666666666667
2025,4,"NE",1,43,18,25,0.418604651162791,7.04651162790698,11,4.2,0.396699260389649,0.917456522388319,0.0217540317506064,0.418604651162791,0.186046511627907,0.186046511627907,0.0555555555555556,0,0,5,8,3,0.375,11,4,0.363636363636364,4,0.135315987288777,43,NA,0.18217191773955,0.4617271568566,0.122033473327901,0.473290598290598,0.307359307359307,55.3333333333333
2025,5,"NE",1,55,34,21,0.618181818181818,6.09090909090909,7.85294117647059,3.23809523809524,0.0367698728864048,0.128681735588506,-0.112039809583664,0.454545454545455,0.0909090909090909,0.345454545454545,0.117647058823529,1,0.0181818181818182,2,9,3,0.333333333333333,11,2,0.181818181818182,13,0.0243621518502606,55,NA,0.07978750192738,0.443430987617034,0.120889962750428,0.389957264957265,0.277056277056277,56
2025,6,"NE",1,55,26,29,0.472727272727273,5.63636363636364,8.88461538461539,2.72413793103448,0.0968588156582909,0.534827691523491,-0.295802935117406,0.490909090909091,0.0727272727272727,0.327272727272727,0.0384615384615385,0,0,2,12,6,0.5,4,0,0,7,0.513485869997713,55,NA,0.176775982978115,0.454686398872445,0.116560958421424,0.402777777777778,0.181818181818182,51
2025,1,"NO",1,66,45,21,0.681818181818182,4.59090909090909,4.62222222222222,4.52380952380952,-0.0666417216534521,-0.0798485933685157,-0.0383412822640301,0.424242424242424,0.0454545454545455,0.303030303030303,0.0222222222222222,0,0,1,14,5,0.357142857142857,8,1,0.125,12,-0.182849463570165,66,NA,NA,NA,NA,NA,NA,NA
2025,2,"NO",1,66,37,29,0.560606060606061,4.62121212121212,5.02702702702703,4.10344827586207,-0.0943028195783953,-0.202082926634917,0.0432097308040629,0.424242424242424,0.0757575757575758,0.303030303030303,0.0810810810810811,1,0.0151515151515152,3,11,4,0.363636363636364,9,3,0.333333333333333,9,-0.25462950465347,66,NA,NA,NA,NA,NA,NA,NA
2025,3,"NO",1,67,41,26,0.611940298507463,4.17910447761194,5.02439024390244,2.84615384615385,-0.168754796381912,-0.0768796202609183,-0.313634881803479,0.402985074626866,0.0149253731343284,0.298507462686567,0.024390243902439,1,0.0149253731343284,1,15,5,0.333333333333333,6,1,0.166666666666667,4,0.0669859104524084,67,NA,-0.109899779204587,0.417156641037238,0.0453791647821499,0.351370851370851,0.208333333333333,66.3333333333333
2025,4,"NO",1,63,29,34,0.46031746031746,4.49206349206349,3.75862068965517,5.11764705882353,-0.0293944741521661,-0.193406483091273,0.11049812170766,0.428571428571429,0.111111111111111,0.26984126984127,0.103448275862069,0,0,2,11,5,0.454545454545455,14,2,0.142857142857143,7,-0.416528152393377,63,NA,-0.0974840300374912,0.418599642480239,0.0672646866676717,0.383838383838384,0.214285714285714,65.3333333333333
2025,5,"NO",1,60,31,29,0.516666666666667,5.55,7.87096774193548,3.06896551724138,0.0741706033311322,0.3486155587543,-0.219201590397082,0.466666666666667,0.0833333333333333,0.316666666666667,0,0,0,1,15,7,0.466666666666667,8,0,0,11,-0.063873170519282,60,NA,-0.041326222400982,0.432741056621654,0.0697899391929243,0.418181818181818,0.103174603174603,63.3333333333333
2025,6,"NO",1,51,28,23,0.549019607843137,5.80392156862745,7.96428571428571,3.17391304347826,-0.0411474344253871,-0.0516222692717437,-0.0283954615689531,0.450980392156863,0.0588235294117647,0.235294117647059,0.0714285714285714,1,0.0196078431372549,1,9,3,0.333333333333333,8,1,0.125,2,-0.92445234022999,51,NA,0.00120956491785964,0.448739495798319,0.0844226579520697,0.418181818181818,0.0892857142857143,58
2025,1,"NYG",1,61,38,23,0.622950819672131,3.65573770491803,3.92105263157895,3.21739130434783,-0.27978311337626,-0.355550150945291,-0.15460279043612,0.327868852459016,0.0655737704918033,0.491803278688525,0.0526315789473684,0,0,0,15,3,0.2,12,0,0,0,NA,61,NA,NA,NA,NA,NA,NA,NA
2025,2,"NYG",1,63,43,20,0.682539682539683,7.09523809523809,8.65116279069767,3.75,0.165431892265604,0.298340123303843,-0.12032080446661,0.46031746031746,0.126984126984127,0.301587301587302,0.0697674418604651,1,0.0158730158730159,4,13,5,0.384615384615385,14,1,0.0714285714285714,5,0.893763853772543,63,NA,NA,NA,NA,NA,NA,NA
2025,3,"NYG",1,59,32,27,0.542372881355932,4.76271186440678,4.71875,4.81481481481481,-0.2161945638672,-0.38540544679563,-0.0156483322483202,0.389830508474576,0.11864406779661,0.322033898305085,0.0625,2,0.0338983050847458,1,10,1,0.1,7,1,0.142857142857143,8,-0.601537351358274,59,NA,-0.110181928325952,0.392672273750351,0.10373398842418,0.228205128205128,0.0714285714285714,61
2025,4,"NYG",1,69,26,43,0.376811594202899,3.60869565217391,3.30769230769231,3.7906976744186,-0.164161657806263,-0.302354763032994,-0.0806030360412633,0.405797101449275,0.0579710144927536,0.318840579710145,0.230769230769231,0,0,1,15,7,0.466666666666667,15,1,0.0666666666666667,4,-0.365936722093028,69,NA,-0.0716414431359531,0.418648356747104,0.101199736424497,0.317094017094017,0.0936507936507937,63.6666666666667
2025,5,"NYG",1,68,39,29,0.573529411764706,4.89705882352941,5.05128205128205,4.68965517241379,-0.283237778175937,-0.44473473324727,-0.0660522179075934,0.470588235294118,0.0441176470588235,0.235294117647059,0.0256410256410256,5,0.0735294117647059,3,10,3,0.3,10,3,0.3,9,-0.772509982007452,68,NA,-0.2211979999498,0.42207194840599,0.0735775764493958,0.288888888888889,0.16984126984127,65.3333333333333
2025,6,"NYG",1,62,27,35,0.435483870967742,5.75806451612903,6.88888888888889,4.88571428571429,0.233070666300914,0.20432832325093,0.255243330939473,0.467741935483871,0.145161290322581,0.209677419354839,0.0740740740740741,0,0,5,13,9,0.692307692307692,13,4,0.307692307692308,6,0.490846526498596,62,NA,-0.0714429232270955,0.448042424075755,0.0824166506247193,0.486324786324786,0.224786324786325,66.3333333333333
2025,1,"NYJ",1,62,23,39,0.370967741935484,6.29032258064516,9.21739130434783,4.56410256410256,0.212802253244303,0.465367954464143,0.063853249960807,0.5,0.17741935483871,0.241935483870968,0.0434782608695652,0,0,4,13,6,0.461538461538462,12,3,0.25,6,-0.397603046144165,62,NA,NA,NA,NA,NA,NA,NA
2025,2,"NYJ",1,46,25,21,0.543478260869565,3.04347826086957,1.6,4.76190476190476,-0.351179098270115,-0.256062141766306,-0.464413570298459,0.326086956521739,0.0869565217391304,0.434782608695652,0.16,1,0.0217391304347826,1,11,0,0,4,1,0.25,5,0.0308186524780467,46,NA,NA,NA,NA,NA,NA,NA
2025,3,"NYJ",1,61,39,22,0.639344262295082,4.39344262295082,4.30769230769231,4.54545454545455,-0.185109919631564,-0.198802773204609,-0.160836224661166,0.442622950819672,0.0655737704918033,0.311475409836066,0.102564102564103,2,0.0327868852459016,3,11,3,0.272727272727273,7,2,0.285714285714286,5,-1.86468016518047,61,NA,-0.107828921552459,0.422903302447137,0.109983215689881,0.244755244755245,0.261904761904762,56.3333333333333
2025,4,"NYJ",1,56,27,29,0.482142857142857,6.625,6.37037037037037,6.86206896551724,0.182979385344823,0.246034525346572,0.124272875688023,0.625,0.125,0.25,0.0740740740740741,2,0.0357142857142857,2,9,4,0.444444444444444,5,0,0,12,0.468848615818748,56,NA,-0.117769877518952,0.464569969113804,0.0925100974103112,0.239057239057239,0.178571428571429,54.3333333333333
2025,5,"NYJ",1,71,51,20,0.71830985915493,5.25352112676056,4.47058823529412,7.25,0.0209884846612355,0.0530613326134073,-0.0607972776168026,0.492957746478873,0.112676056338028,0.28169014084507,0.0980392156862745,1,0.0140845070422535,2,16,7,0.4375,14,2,0.142857142857143,6,0.422588556493206,71,NA,0.006285983458165,0.520193565766182,0.101083275609944,0.384890572390572,0.142857142857143,62.6666666666667
2025,6,"NYJ",1,57,26,31,0.456140350877193,1.43859649122807,-0.384615384615385,2.96774193548387,-0.420661467797319,-0.796979155792361,-0.1050401810918,0.245614035087719,0,0.421052631578947,0.346153846153846,0,0,0,15,2,0.133333333333333,2,0,0,12,-0.408046412732801,57,NA,-0.0722311992637535,0.454523927188864,0.0792253521126761,0.338425925925926,0.0476190476190476,61.3333333333333
2025,1,"PHI",1,59,24,35,0.406779661016949,5.16949152542373,6,4.6,0.160450145960309,0.0662813348340503,0.225023045018315,0.508474576271186,0.101694915254237,0.203389830508475,0.0416666666666667,0,0,3,12,8,0.666666666666667,8,3,0.375,10,0.583893089595949,59,NA,NA,NA,NA,NA,NA,NA
2025,2,"PHI",1,54,24,30,0.444444444444444,3.90740740740741,3.91666666666667,3.9,-0.034963712951887,-0.202499419006487,0.0990648518917927,0.407407407407407,0.0740740740740741,0.314814814814815,0.0833333333333333,0,0,2,14,5,0.357142857142857,6,2,0.333333333333333,7,0.0308854800782033,54,NA,NA,NA,NA,NA,NA,NA
2025,3,"PHI",1,62,36,26,0.580645161290323,4.67741935483871,5.63888888888889,3.34615384615385,0.033517855355441,0.0227290124647811,0.048456253204047,0.419354838709677,0.112903225806452,0.338709677419355,0.111111111111111,1,0.0161290322580645,4,14,5,0.357142857142857,19,3,0.157894736842105,4,0.520845721195685,62,NA,0.053001429454621,0.44507894079609,0.0962240717115877,0.46031746031746,0.28874269005848,58.3333333333333
2025,4,"PHI",1,57,26,31,0.456140350877193,3.43859649122807,4.30769230769231,2.70967741935484,-0.0983320160876759,-0.0497255403270873,-0.139098737693331,0.403508771929825,0.087719298245614,0.350877192982456,0.0769230769230769,0,0,3,14,5,0.357142857142857,7,3,0.428571428571429,10,-0.30378580961935,57,NA,-0.0332592912280407,0.41009033934897,0.0915655327087132,0.357142857142857,0.306599832915622,57.6666666666667
2025,5,"PHI",1,54,44,10,0.814814814814815,5.61111111111111,5.84090909090909,4.6,0.00316122240578864,0.0114767620533409,-0.0334271520434413,0.388888888888889,0.0925925925925926,0.444444444444444,0.136363636363636,0,0,2,11,2,0.181818181818182,4,1,0.25,9,-0.194771636639618,54,NA,-0.0205509794421488,0.403917499842797,0.0977383722148861,0.298701298701299,0.278822055137845,57.6666666666667
2025,6,"PHI",1,56,36,20,0.642857142857143,6.05357142857143,7.38888888888889,3.65,-0.0966733384220342,-0.0831556033551365,-0.12100526154245,0.446428571428571,0.107142857142857,0.375,0.0833333333333333,2,0.0357142857142857,2,9,1,0.111111111111111,12,2,0.166666666666667,6,-0.024722868615451,56,NA,-0.0639480440346405,0.412942077415762,0.0958182493270213,0.216690716690717,0.281746031746032,55.6666666666667
2025,1,"PIT",1,52,34,18,0.653846153846154,5.26923076923077,6.41176470588235,3.11111111111111,0.158692539400295,0.300139860283336,-0.108485733378782,0.403846153846154,0.0961538461538462,0.365384615384615,0.117647058823529,0,0,4,10,4,0.4,7,3,0.428571428571429,8,0.227140724709252,52,NA,NA,NA,NA,NA,NA,NA
2025,2,"PIT",1,59,38,21,0.644067796610169,4.55932203389831,5.18421052631579,3.42857142857143,-0.176846375346113,-0.165934937237113,-0.196590882400494,0.338983050847458,0.0677966101694915,0.322033898305085,0.0789473684210526,2,0.0338983050847458,1,15,5,0.333333333333333,8,1,0.125,10,-0.0224582400856773,59,NA,NA,NA,NA,NA,NA,NA
2025,3,"PIT",1,44,22,22,0.5,4.54545454545455,6.22727272727273,2.86363636363636,-0.103105418200853,-0.0474111858982889,-0.158799650503418,0.477272727272727,0.0681818181818182,0.318181818181818,0,1,0.0227272727272727,3,8,3,0.375,8,3,0.375,0,NA,44,NA,-0.0404197513822238,0.40670064398878,0.077377424835052,0.369444444444444,0.30952380952381,51.6666666666667
2025,4,"PIT",1,49,24,25,0.489795918367347,6.36734693877551,7.58333333333333,5.2,0.150316285662149,0.158322198326457,0.142630609504413,0.571428571428571,0.102040816326531,0.204081632653061,0.0833333333333333,0,0,3,8,2,0.25,16,2,0.125,5,-0.597202430401666,49,NA,-0.0432118359616059,0.462561449849585,0.0793397482259468,0.319444444444444,0.208333333333333,50.6666666666667
2025,6,"PIT",1,55,30,25,0.545454545454545,6.09090909090909,7.83333333333333,4,0.130154111870845,0.319973324562431,-0.0976289433590579,0.418181818181818,0.181818181818182,0.290909090909091,0,0,0,2,12,5,0.416666666666667,2,1,0.5,0,NA,55,NA,0.0591216597773803,0.488961038961039,0.11734693877551,0.347222222222222,0.333333333333333,49.3333333333333
2025,7,"PIT",1,54,34,20,0.62962962962963,7.33333333333333,7.32352941176471,7.35,0.364886814976301,0.391526820715037,0.319598805220448,0.5,0.12962962962963,0.259259259259259,0,2,0.037037037037037,4,10,7,0.7,11,3,0.272727272727273,7,-0.338586007594131,54,NA,0.215119070836432,0.496536796536797,0.137829542591447,0.455555555555556,0.299242424242424,52.6666666666667
2025,1,"SEA",1,47,22,25,0.468085106382979,4.87234042553191,6.81818181818182,3.16,-0.205004170448777,-0.246356163927831,-0.16861441618721,0.468085106382979,0.0638297872340425,0.340425531914894,0,1,0.0212765957446809,1,10,3,0.3,7,1,0.142857142857143,10,0.439671047926414,47,NA,NA,NA,NA,NA,NA,NA
2025,2,"SEA",1,61,35,26,0.573770491803279,6.49180327868852,7.94285714285714,4.53846153846154,0.105852763079247,0.0815446313261899,0.138575248131439,0.459016393442623,0.114754098360656,0.344262295081967,0.0571428571428571,2,0.0327868852459016,3,13,6,0.461538461538462,9,2,0.222222222222222,4,-0.137506147890235,61,NA,NA,NA,NA,NA,NA,NA
2025,3,"SEA",1,48,19,29,0.395833333333333,5.45833333333333,9.89473684210526,2.55172413793103,0.0443011272331256,0.561257481683169,-0.294394415337592,0.4375,0.125,0.229166666666667,0,1,0.0208333333333333,4,7,2,0.285714285714286,10,4,0.4,3,-0.434573357336915,48,NA,-0.0182834267121349,0.454867166608534,0.101194628531566,0.349084249084249,0.255026455026455,52
2025,4,"SEA",1,61,29,32,0.475409836065574,6.0983606557377,7.89655172413793,4.46875,0.0892680009192146,0.342116045210216,-0.139875539219505,0.426229508196721,0.147540983606557,0.344262295081967,0.103448275862069,0,0,2,13,6,0.461538461538462,8,2,0.25,7,0.189213768460323,61,NA,0.0798072970771957,0.440915300546448,0.129098360655738,0.402930402930403,0.290740740740741,56.6666666666667
2025,5,"SEA",1,53,33,20,0.622641509433962,8.32075471698113,9.66666666666667,6.1,0.368795601917794,0.638017777776604,-0.0754209882492432,0.60377358490566,0.132075471698113,0.188679245283019,0,2,0.0377358490566038,5,9,6,0.666666666666667,10,4,0.4,11,0.152386622836771,53,NA,0.167454910023378,0.489167697700794,0.134872151768224,0.471306471306471,0.35,54
2025,6,"SEA",1,50,27,23,0.54,6.6,9.85185185185185,2.78260869565217,0.0325823573461297,0.352616062858911,-0.343109383908005,0.38,0.1,0.42,0.037037037037037,0,0,2,11,1,0.0909090909090909,10,1,0.1,5,0.0578992308410416,50,NA,0.163548653394379,0.470001031034127,0.12653881843489,0.406371406371406,0.25,54.6666666666667
2025,1,"SF",1,70,36,34,0.514285714285714,5.51428571428571,7.36111111111111,3.55882352941176,0.112443478428686,0.370274559924392,-0.160554137272651,0.5,0.0857142857142857,0.257142857142857,0.0277777777777778,2,0.0285714285714286,2,14,7,0.5,20,2,0.1,8,0.164281234585474,70,NA,NA,NA,NA,NA,NA,NA
2025,2,"SF",1,63,41,22,0.650793650793651,5.46031746031746,6.51219512195122,3.5,0.0399903242788204,0.0700662609751383,-0.0160602850188628,0.476190476190476,0.0634920634920635,0.349206349206349,0.0731707317073171,1,0.0158730158730159,3,14,8,0.571428571428571,5,2,0.4,8,0.782710485080315,63,NA,NA,NA,NA,NA,NA,NA
2025,3,"SF",1,58,41,17,0.706896551724138,6.01724137931035,6.8780487804878,3.94117647058824,-0.0291808726170097,0.0387039780976779,-0.192903159634785,0.53448275862069,0.103448275862069,0.327586206896552,0.024390243902439,1,0.0172413793103448,1,10,2,0.2,8,1,0.125,16,0.238841363011593,58,NA,0.0410843100301655,0.503557744937055,0.0842182083561394,0.423809523809524,0.208333333333333,63.6666666666667
2025,4,"SF",1,63,39,24,0.619047619047619,6.20634920634921,7.8974358974359,3.45833333333333,-0.0143651913654545,0.0445212515917539,-0.110055661170918,0.444444444444444,0.126984126984127,0.301587301587302,0.0256410256410256,3,0.0476190476190476,2,13,8,0.615384615384615,11,1,0.0909090909090909,8,0.127849330271998,63,NA,-0.00118524656788123,0.485039226418537,0.0979748221127531,0.462271062271062,0.20530303030303,61.3333333333333
2025,5,"SF",1,81,48,33,0.592592592592593,4.8641975308642,6.66666666666667,2.24242424242424,0.0996798970202657,0.246431104789609,-0.113776405189688,0.506172839506173,0.0123456790123457,0.296296296296296,0.0208333333333333,0,0,2,18,7,0.388888888888889,12,2,0.166666666666667,12,0.0626179305511922,81,NA,0.0187112776792672,0.495033347523769,0.0809260272861805,0.401424501424501,0.127525252525253,67.3333333333333
2025,6,"SF",1,64,43,21,0.671875,5.609375,6.88372093023256,3,-0.0245520172874309,-0.0259474940815784,-0.0216946124232241,0.46875,0.078125,0.328125,0.13953488372093,1,0.015625,1,16,7,0.4375,7,1,0.142857142857143,8,-0.0710937692444925,64,NA,0.0202542294557934,0.473122427983539,0.0724849353321576,0.480591168091168,0.133477633477633,69.3333333333333
2025,1,"TB",1,54,33,21,0.611111111111111,4.7962962962963,4.81818181818182,4.76190476190476,0.136877130401259,0.174734375866523,0.0773871732415587,0.37037037037037,0.0925925925925926,0.388888888888889,0.0303030303030303,0,0,3,14,7,0.5,2,1,0.5,7,0.389240738012761,54,NA,NA,NA,NA,NA,NA,NA
2025,2,"TB",1,73,43,30,0.589041095890411,4.93150684931507,4.44186046511628,5.63333333333333,0.134635762231108,-0.0149624459077887,0.349059860563527,0.520547945205479,0.10958904109589,0.315068493150685,0.0930232558139535,0,0,3,14,6,0.428571428571429,11,3,0.272727272727273,14,0.30837534251104,73,NA,NA,NA,NA,NA,NA,NA
2025,3,"TB",1,61,30,31,0.491803278688525,5.63934426229508,7.5,3.83870967741935,0.0107386103501164,0.275634078564502,-0.24561184276058,0.327868852459016,0.163934426229508,0.344262295081967,0.0333333333333333,0,0,1,13,4,0.307692307692308,10,1,0.1,10,-0.0237492296483762,61,NA,0.0940838343274945,0.406262389344955,0.12203868663933,0.412087912087912,0.290909090909091,62.6666666666667
2025,4,"TB",1,64,38,26,0.59375,5.6875,6.84210526315789,4,-0.218485432859157,-0.249408927893652,-0.17328955550105,0.34375,0.046875,0.328125,0.0526315789473684,2,0.03125,2,13,3,0.230769230769231,5,0,0,7,-0.455585218684258,64,NA,-0.0243703534259776,0.397388932554832,0.106799489108466,0.322344322344322,0.124242424242424,66
2025,5,"TB",1,57,35,22,0.614035087719298,7.50877192982456,10.6285714285714,2.54545454545455,0.400960906222411,0.742305435773011,-0.142087208971727,0.508771929824561,0.140350877192982,0.210526315789474,0.0285714285714286,0,0,4,11,7,0.636363636363636,12,4,0.333333333333333,5,0.506668194709346,57,NA,0.0644046945711234,0.393463594094526,0.117053434474164,0.391608391608392,0.144444444444444,60.6666666666667
2025,6,"TB",1,49,23,26,0.469387755102041,6.51020408163265,9.30434782608696,4.03846153846154,0.215569361096234,0.344007252998024,0.101951225952344,0.530612244897959,0.122448979591837,0.26530612244898,0.0434782608695652,0,0,3,8,3,0.375,6,2,0.333333333333333,5,0.176604770342261,49,NA,0.132681611486496,0.461044724907507,0.103224952261606,0.414044289044289,0.222222222222222,56.6666666666667
2025,1,"TEN",1,54,33,21,0.611111111111111,2.46296296296296,1.87878787878788,3.38095238095238,-0.370563232575141,-0.328292978742961,-0.436987917168568,0.240740740740741,0.0185185185185185,0.444444444444444,0.181818181818182,2,0.037037037037037,0,14,2,0.142857142857143,6,0,0,7,-0.548914127575699,54,NA,NA,NA,NA,NA,NA,NA
2025,2,"TEN",1,64,38,26,0.59375,3.9375,3.76315789473684,4.19230769230769,-0.123710828129782,-0.177209846742301,-0.0455199547730235,0.390625,0.078125,0.34375,0.131578947368421,1,0.015625,1,15,6,0.4,6,1,0.166666666666667,10,0.505787966534882,64,NA,NA,NA,NA,NA,NA,NA
2025,3,"TEN",1,65,42,23,0.646153846153846,4.33846153846154,4.66666666666667,3.73913043478261,-0.172455613127119,-0.298200259195925,0.0571650449115702,0.446153846153846,0.0615384615384615,0.369230769230769,0.0952380952380952,1,0.0153846153846154,3,14,5,0.357142857142857,10,2,0.2,3,-0.501306823978666,65,NA,-0.222243224610681,0.359173195631529,0.05272732668566,0.3,0.122222222222222,61
2025,4,"TEN",1,45,27,18,0.6,3.88888888888889,3.44444444444444,4.55555555555556,-0.339841412962307,-0.60931839991267,0.0643740674632368,0.333333333333333,0.133333333333333,0.511111111111111,0.0740740740740741,1,0.0222222222222222,0,11,2,0.181818181818182,0,0,NA,12,0.187356662114263,45,NA,-0.212002618073069,0.390037393162393,0.0909989316239316,0.312987012987013,NA,58
2025,5,"TEN",1,61,41,20,0.672131147540984,5.49180327868852,6.07317073170732,4.3,-0.04018438898961,0.0389687464426137,-0.202448316625669,0.442622950819672,0.0983606557377049,0.377049180327869,0.0487804878048781,2,0.0327868852459016,2,14,5,0.357142857142857,4,2,0.5,12,0.0244165072411609,61,NA,-0.184160471693012,0.407370043435617,0.0977441502031666,0.298701298701299,NA,57
2025,6,"TEN",1,58,43,15,0.741379310344828,3.87931034482759,3.72093023255814,4.33333333333333,-0.307668654738855,-0.340426689227718,-0.213762289204113,0.379310344827586,0.103448275862069,0.379310344827586,0.13953488372093,3,0.0517241379310345,1,13,3,0.230769230769231,7,1,0.142857142857143,14,-0.129360280506912,58,NA,-0.229231485563591,0.385088876326864,0.111714088311036,0.256576756576757,NA,54.6666666666667
2025,1,"WAS",1,60,32,28,0.533333333333333,7.06666666666667,6.625,7.57142857142857,0.216415803685474,0.149143072489096,0.293298925052763,0.533333333333333,0.15,0.25,0.09375,0,0,3,8,3,0.375,8,3,0.375,9,0.179603577203428,60,NA,NA,NA,NA,NA,NA,NA
2025,2,"WAS",1,64,45,19,0.703125,3.59375,3.97777777777778,2.68421052631579,-0.181292835706652,-0.199711863145476,-0.137668823351544,0.359375,0.015625,0.40625,0.0888888888888889,0,0,2,16,5,0.3125,5,2,0.4,9,-0.375490762059647,64,NA,NA,NA,NA,NA,NA,NA
2025,3,"WAS",1,51,19,32,0.372549019607843,7.66666666666667,10,6.28125,0.291637222498433,0.571683051890137,0.125360011297109,0.490196078431373,0.137254901960784,0.235294117647059,0.0526315789473684,1,0.0196078431372549,4,9,5,0.555555555555556,7,2,0.285714285714286,2,0.314362170193668,51,NA,0.108920063492418,0.460968137254902,0.100959967320261,0.414351851851852,0.353571428571429,58.3333333333333
2025,4,"WAS",1,50,28,22,0.56,5.92,5.32142857142857,6.68181818181818,0.166598205240948,0.126632192501469,0.217464039636649,0.5,0.08,0.32,0.0714285714285714,1,0.02,2,8,1,0.125,7,1,0.142857142857143,8,0.0271216927139903,50,NA,0.0923141973442429,0.449857026143791,0.0776266339869281,0.331018518518519,0.276190476190476,55
2025,5,"WAS",1,51,25,26,0.490196078431373,7.27450980392157,8.72,5.88461538461539,0.159225046002965,0.363874944556769,-0.0375537026064614,0.568627450980392,0.176470588235294,0.313725490196078,0.04,1,0.0196078431372549,2,6,2,0.333333333333333,10,2,0.2,6,0.158826273303324,51,NA,0.205820157914115,0.519607843137255,0.131241830065359,0.337962962962963,0.20952380952381,50.6666666666667
2025,6,"WAS",1,58,28,30,0.482758620689655,5.68965517241379,7.32142857142857,4.16666666666667,-0.0292835209425597,0.303393951473064,-0.339782495197142,0.448275862068966,0.103448275862069,0.258620689655172,0.107142857142857,3,0.0517241379310345,3,8,3,0.375,2,1,0.5,3,-0.509993564323679,58,NA,0.0988465767671178,0.505634437683119,0.119972954699121,0.277777777777778,0.280952380952381,53
